active,date,points_scored,plus_minus,team,location,opponent,outcome,seconds_played,made_field_goals,attempted_field_goals,made_three_point_field_goals,attempted_three_point_field_goals,made_free_throws,attempted_free_throws,offensive_rebounds,defensive_rebounds,assists,steals,blocks,turnovers,personal_fouls,game_score
TRUE,10/28/2009,14,7,GOLDEN STATE WARRIORS,HOME,HOU,LOSS,2139,7,12,0,1,0,0,1,1,7,4,0,2,2,15.5
TRUE,10/30/2009,12,-19,GOLDEN STATE WARRIORS,AWAY,PHO,LOSS,2345,5,9,2,3,0,0,0,2,4,1,0,3,5,7.1
TRUE,11/4/2009,7,-4,GOLDEN STATE WARRIORS,HOME,MEM,WIN,1707,3,6,1,2,0,0,0,5,9,2,0,1,4,11.2
TRUE,11/6/2009,5,-13,GOLDEN STATE WARRIORS,HOME,LAC,LOSS,1292,1,5,0,1,3,4,0,1,3,0,0,0,6,1.5
TRUE,11/8/2009,9,-5,GOLDEN STATE WARRIORS,AWAY,SAC,LOSS,1875,4,8,1,2,0,2,1,3,6,0,0,5,4,3.4
TRUE,11/9/2009,8,28,GOLDEN STATE WARRIORS,HOME,MIN,WIN,1789,2,8,1,2,3,4,0,2,5,1,0,2,1,5.5
TRUE,11/11/2009,6,-13,GOLDEN STATE WARRIORS,AWAY,IND,LOSS,1271,3,7,0,2,0,0,0,1,4,1,0,3,2,2.6
TRUE,11/13/2009,0,3,GOLDEN STATE WARRIORS,AWAY,NYK,WIN,155,0,0,0,0,0,0,0,0,0,0,1,0,1,0.3
TRUE,11/14/2009,14,2,GOLDEN STATE WARRIORS,AWAY,MIL,LOSS,1557,6,9,2,2,0,0,1,3,2,2,1,1,5,12.8
TRUE,11/17/2009,14,-4,GOLDEN STATE WARRIORS,AWAY,CLE,LOSS,2478,6,10,2,6,0,1,0,5,7,0,0,3,2,11.6
TRUE,11/18/2009,13,5,GOLDEN STATE WARRIORS,AWAY,BOS,LOSS,2124,4,10,1,4,4,4,0,0,7,4,0,6,3,9.3
TRUE,11/20/2009,12,18,GOLDEN STATE WARRIORS,HOME,POR,WIN,2734,3,9,2,3,4,5,0,6,8,1,1,1,6,12.2
TRUE,11/24/2009,18,16,GOLDEN STATE WARRIORS,AWAY,DAL,WIN,2088,6,12,2,4,4,4,1,3,6,3,0,4,5,14.8
TRUE,11/25/2009,11,-7,GOLDEN STATE WARRIORS,AWAY,SAS,LOSS,2052,5,16,1,4,0,0,1,6,5,1,2,6,3,3
TRUE,11/28/2009,13,-23,GOLDEN STATE WARRIORS,HOME,LAS,LOSS,2161,5,15,1,5,2,2,1,3,8,0,0,1,0,10.7
TRUE,11/30/2009,7,-7,GOLDEN STATE WARRIORS,HOME,IND,WIN,1190,2,5,1,2,2,2,0,2,4,3,0,2,2,7.9
TRUE,12/1/2009,10,-14,GOLDEN STATE WARRIORS,AWAY,DEN,LOSS,2442,4,14,2,6,0,0,1,3,6,2,2,1,2,9.2
TRUE,12/3/2009,11,-3,GOLDEN STATE WARRIORS,HOME,HOU,LOSS,1911,4,8,1,3,2,2,1,4,2,2,1,4,3,7.8
TRUE,12/5/2009,13,-8,GOLDEN STATE WARRIORS,HOME,ORL,LOSS,2769,6,12,0,2,1,1,0,3,3,1,0,3,4,6.4
TRUE,12/7/2009,22,-17,GOLDEN STATE WARRIORS,AWAY,OKC,LOSS,2186,9,14,2,4,2,2,0,4,2,4,0,5,5,15.4
TRUE,12/9/2009,14,7,GOLDEN STATE WARRIORS,AWAY,NJN,WIN,1812,6,13,1,4,1,2,1,3,4,3,0,4,4,8.7
TRUE,12/11/2009,6,-8,GOLDEN STATE WARRIORS,AWAY,CHI,LOSS,1635,3,9,0,3,0,0,0,3,1,1,0,0,0,3.5
TRUE,12/12/2009,19,-11,GOLDEN STATE WARRIORS,AWAY,DET,LOSS,2270,5,10,3,4,6,6,0,2,4,4,1,4,4,16.5
TRUE,12/14/2009,14,-14,GOLDEN STATE WARRIORS,AWAY,PHI,LOSS,2184,5,13,1,4,3,4,0,4,4,4,1,4,5,9.2
TRUE,12/16/2009,8,-12,GOLDEN STATE WARRIORS,HOME,SAS,LOSS,1503,4,11,0,2,0,0,1,3,3,4,0,1,5,6.6
TRUE,12/18/2009,27,-10,GOLDEN STATE WARRIORS,HOME,WSH,LOSS,2775,9,17,5,9,4,4,1,7,4,3,0,2,4,23.7
TRUE,12/22/2009,14,-3,GOLDEN STATE WARRIORS,AWAY,MEM,LOSS,2477,6,15,2,6,0,0,1,6,8,0,0,4,2,9.2
TRUE,12/23/2009,17,-1,GOLDEN STATE WARRIORS,AWAY,NOH,LOSS,2821,6,13,3,5,2,2,0,10,7,2,0,2,5,16.2
TRUE,12/26/2009,13,6,GOLDEN STATE WARRIORS,HOME,PHO,WIN,1593,4,10,3,4,2,2,1,2,4,3,0,1,4,12.1
TRUE,12/28/2009,0,-16,GOLDEN STATE WARRIORS,HOME,BOS,WIN,641,0,4,0,1,0,1,0,2,0,1,0,1,3,-3.8
TRUE,12/29/2009,15,-7,GOLDEN STATE WARRIORS,AWAY,LAS,LOSS,1400,6,10,0,1,3,3,1,2,3,0,0,4,3,8.6
TRUE,1/2/2010,9,-6,GOLDEN STATE WARRIORS,AWAY,POR,LOSS,1740,4,10,1,2,0,0,0,1,1,1,0,3,4,1
TRUE,1/5/2010,26,-1,GOLDEN STATE WARRIORS,AWAY,DEN,LOSS,2418,10,13,6,6,0,0,0,5,6,3,0,2,3,26.4
TRUE,1/6/2010,16,11,GOLDEN STATE WARRIORS,AWAY,MIN,WIN,1811,7,11,0,2,2,2,0,1,4,2,0,1,6,12.8
TRUE,1/8/2010,12,5,GOLDEN STATE WARRIORS,HOME,SAC,WIN,2048,5,10,1,2,1,2,0,3,4,1,0,2,3,8.1
TRUE,1/11/2010,21,1,GOLDEN STATE WARRIORS,HOME,CLE,LOSS,2167,8,15,1,2,4,5,0,7,5,1,1,2,4,17
TRUE,1/13/2010,9,-12,GOLDEN STATE WARRIORS,HOME,MIA,LOSS,1954,3,10,3,5,0,0,1,3,4,0,0,4,1,3.2
TRUE,1/15/2010,18,-9,GOLDEN STATE WARRIORS,HOME,MIL,LOSS,2880,7,17,1,4,3,3,0,6,4,6,1,4,6,13.8
TRUE,1/18/2010,26,21,GOLDEN STATE WARRIORS,HOME,CHI,WIN,2608,9,18,5,8,3,3,2,8,6,1,1,5,4,20.1
TRUE,1/20/2010,15,-2,GOLDEN STATE WARRIORS,HOME,DEN,LOSS,2927,6,17,3,8,0,0,0,3,6,1,0,3,2,7.8
TRUE,1/22/2010,32,32,GOLDEN STATE WARRIORS,HOME,NJN,WIN,2880,11,21,3,7,7,8,0,2,7,4,0,2,4,27.2
TRUE,1/23/2010,25,-10,GOLDEN STATE WARRIORS,AWAY,PHO,LOSS,2426,10,25,4,9,1,1,0,5,2,0,0,1,4,11.8
TRUE,1/26/2010,27,9,GOLDEN STATE WARRIORS,AWAY,SAC,LOSS,2682,10,22,3,10,4,5,1,8,6,3,0,1,3,23.3
TRUE,1/27/2010,15,-5,GOLDEN STATE WARRIORS,HOME,NOH,LOSS,2439,7,13,1,3,0,0,0,5,8,3,0,5,4,12.2
TRUE,1/29/2010,22,0,GOLDEN STATE WARRIORS,HOME,CHB,LOSS,2460,8,15,2,4,4,4,0,1,9,3,0,1,3,22.1
TRUE,1/31/2010,14,-18,GOLDEN STATE WARRIORS,AWAY,OKC,LOSS,2152,4,10,2,2,4,4,2,2,5,1,0,5,2,9.3
TRUE,2/2/2010,14,-22,GOLDEN STATE WARRIORS,AWAY,HOU,LOSS,1792,6,18,2,5,0,0,1,1,4,1,0,0,1,8.2
TRUE,2/3/2010,6,-8,GOLDEN STATE WARRIORS,AWAY,DAL,LOSS,1614,1,6,0,2,4,4,0,0,3,0,0,3,2,0.5
TRUE,2/6/2010,23,2,GOLDEN STATE WARRIORS,HOME,OKC,LOSS,1625,9,15,3,7,2,3,0,1,4,2,0,3,3,16.6
TRUE,2/8/2010,25,-10,GOLDEN STATE WARRIORS,HOME,DAL,LOSS,2880,9,20,1,5,6,6,0,2,9,2,0,3,4,18.9
TRUE,2/10/2010,36,35,GOLDEN STATE WARRIORS,HOME,LAC,WIN,2747,11,22,7,11,7,8,0,10,13,3,0,6,4,32.1
TRUE,2/16/2010,11,-4,GOLDEN STATE WARRIORS,AWAY,LAS,LOSS,2618,5,21,1,10,0,0,0,10,8,1,0,4,5,1.9
TRUE,2/17/2010,24,36,GOLDEN STATE WARRIORS,HOME,SAC,WIN,2377,10,15,1,4,3,3,1,5,15,3,0,3,2,29.4
TRUE,2/19/2010,13,0,GOLDEN STATE WARRIORS,HOME,UTA,LOSS,2340,4,9,3,6,2,2,1,5,7,3,0,10,1,8
TRUE,2/21/2010,32,5,GOLDEN STATE WARRIORS,HOME,ATL,WIN,2725,13,18,1,3,5,5,2,7,3,1,0,5,3,25
TRUE,2/23/2010,17,-17,GOLDEN STATE WARRIORS,HOME,PHI,LOSS,2279,8,22,1,8,0,1,1,5,5,0,0,2,2,7.3
TRUE,2/25/2010,30,-24,GOLDEN STATE WARRIORS,HOME,DEN,LOSS,2499,11,19,2,5,6,6,1,6,13,2,1,2,1,33
TRUE,2/27/2010,27,7,GOLDEN STATE WARRIORS,HOME,DET,WIN,2880,11,25,3,6,2,3,1,4,4,1,0,5,4,12.6
TRUE,3/2/2010,18,1,GOLDEN STATE WARRIORS,AWAY,MIA,LOSS,2607,7,17,3,8,1,1,0,2,8,2,0,3,5,12.1
TRUE,3/3/2010,9,-25,GOLDEN STATE WARRIORS,AWAY,ORL,LOSS,1931,3,12,1,2,2,2,0,3,7,2,0,5,2,3.8
TRUE,3/5/2010,31,-5,GOLDEN STATE WARRIORS,AWAY,ATL,LOSS,2880,11,19,5,9,4,4,1,4,11,2,0,7,1,26.3
TRUE,3/6/2010,25,-11,GOLDEN STATE WARRIORS,AWAY,CHB,LOSS,2880,8,23,4,8,5,6,2,3,4,0,0,3,1,13.4
TRUE,3/8/2010,12,-14,GOLDEN STATE WARRIORS,AWAY,NOH,LOSS,2039,5,13,2,4,0,0,0,3,6,1,0,4,2,6.2
TRUE,3/11/2010,15,-10,GOLDEN STATE WARRIORS,HOME,POR,LOSS,1983,6,15,2,7,1,1,2,3,3,2,0,4,5,7.3
TRUE,3/13/2010,35,6,GOLDEN STATE WARRIORS,HOME,TOR,WIN,2541,13,21,5,8,4,4,2,4,10,4,1,2,1,37.4
TRUE,3/15/2010,29,-9,GOLDEN STATE WARRIORS,HOME,LAS,LOSS,2030,11,19,5,9,2,2,0,5,9,1,0,0,4,27.3
TRUE,3/20/2010,9,-4,GOLDEN STATE WARRIORS,AWAY,MEM,LOSS,1520,4,10,1,3,0,0,0,4,6,0,1,2,2,6.9
TRUE,3/22/2010,14,-8,GOLDEN STATE WARRIORS,HOME,PHO,LOSS,2035,6,15,2,5,0,0,1,3,8,4,0,1,4,14.5
TRUE,3/24/2010,30,27,GOLDEN STATE WARRIORS,HOME,MEM,WIN,2423,12,19,4,6,2,2,1,4,11,4,0,7,3,26.9
TRUE,3/27/2010,17,-5,GOLDEN STATE WARRIORS,HOME,DAL,LOSS,2212,6,16,3,5,2,2,0,7,6,2,0,7,1,9.1
TRUE,3/28/2010,18,17,GOLDEN STATE WARRIORS,AWAY,LAC,WIN,2392,8,15,2,2,0,0,1,3,7,1,0,3,5,13.2
TRUE,3/31/2010,15,-14,GOLDEN STATE WARRIORS,AWAY,UTA,LOSS,2017,6,16,1,4,2,3,1,1,6,0,0,4,5,5
TRUE,4/2/2010,15,-4,GOLDEN STATE WARRIORS,HOME,NYK,WIN,1763,7,21,1,5,0,0,1,3,10,1,0,2,1,10.3
TRUE,4/4/2010,29,5,GOLDEN STATE WARRIORS,AWAY,TOR,WIN,2654,10,23,5,11,4,6,1,7,12,3,2,5,4,25.1
TRUE,4/6/2010,27,-21,GOLDEN STATE WARRIORS,AWAY,WSH,LOSS,2001,10,21,3,6,4,4,0,1,4,2,0,2,2,18.6
TRUE,4/7/2010,27,5,GOLDEN STATE WARRIORS,AWAY,MIN,WIN,2655,12,22,3,5,0,0,2,6,14,7,0,4,4,30.8
TRUE,4/10/2010,29,0,GOLDEN STATE WARRIORS,AWAY,LAC,LOSS,2473,10,19,5,10,4,4,0,9,4,3,0,3,5,23.2
TRUE,4/11/2010,25,3,GOLDEN STATE WARRIORS,HOME,OKC,WIN,2074,9,16,3,6,4,6,1,6,7,1,0,4,2,20.2
TRUE,4/13/2010,17,-14,GOLDEN STATE WARRIORS,HOME,UTA,LOSS,2440,5,15,1,4,6,6,1,4,6,2,0,2,4,13
TRUE,4/14/2010,42,6,GOLDEN STATE WARRIORS,AWAY,POR,WIN,2880,13,25,4,6,12,12,3,6,8,2,1,2,0,39.9
TRUE,10/27/2010,25,4,GOLDEN STATE WARRIORS,HOME,HOU,WIN,2344,9,16,3,6,4,4,1,1,11,0,1,5,4,20.2
TRUE,10/29/2010,16,17,GOLDEN STATE WARRIORS,HOME,LAC,WIN,1613,7,9,1,3,1,3,0,2,6,2,0,2,2,15.7
TRUE,11/5/2010,20,8,GOLDEN STATE WARRIORS,HOME,UTA,WIN,1979,7,17,1,4,5,5,0,1,6,2,0,5,5,10.4
TRUE,11/7/2010,10,-3,GOLDEN STATE WARRIORS,AWAY,DET,LOSS,1739,3,12,0,3,4,4,1,3,6,2,0,2,4,7
TRUE,11/8/2010,34,13,GOLDEN STATE WARRIORS,AWAY,TOR,WIN,2187,12,21,2,4,8,8,2,3,4,3,0,5,2,26.4
TRUE,11/10/2010,25,6,GOLDEN STATE WARRIORS,AWAY,NYK,WIN,2703,11,20,1,1,2,3,0,6,8,2,1,2,4,21.5
TRUE,11/11/2010,17,-13,GOLDEN STATE WARRIORS,AWAY,CHI,LOSS,1858,7,18,2,5,1,2,0,3,6,5,0,5,2,11.1
TRUE,11/13/2010,7,-12,GOLDEN STATE WARRIORS,AWAY,MIL,LOSS,1802,3,14,0,3,1,2,1,1,4,3,1,2,5,1.5
TRUE,11/15/2010,21,15,GOLDEN STATE WARRIORS,HOME,DET,WIN,1770,7,14,2,3,5,5,0,5,4,2,0,3,6,14.9
TRUE,11/19/2010,29,-3,GOLDEN STATE WARRIORS,HOME,NYK,LOSS,2532,9,21,3,6,8,9,0,5,8,1,0,4,4,20
TRUE,11/21/2010,13,-26,GOLDEN STATE WARRIORS,AWAY,LAS,LOSS,1449,5,10,1,3,2,2,0,3,2,1,2,0,3,11.5
TRUE,11/22/2010,17,-19,GOLDEN STATE WARRIORS,HOME,DEN,LOSS,2436,8,21,1,6,0,0,1,6,5,3,0,2,3,11.3
TRUE,11/24/2010,21,-11,GOLDEN STATE WARRIORS,AWAY,HOU,LOSS,2133,8,19,0,2,5,5,0,4,6,4,0,1,6,16.9
TRUE,11/26/2010,26,-1,GOLDEN STATE WARRIORS,AWAY,MEM,LOSS,1818,8,13,4,5,6,6,0,2,4,1,0,3,5,19.5
TRUE,11/27/2010,20,16,GOLDEN STATE WARRIORS,AWAY,MIN,WIN,1653,6,10,2,3,6,7,0,3,7,3,0,1,5,20.8
TRUE,11/30/2010,32,-14,GOLDEN STATE WARRIORS,HOME,SAS,LOSS,2406,13,22,3,6,3,3,1,2,5,1,1,5,2,22.5
TRUE,12/2/2010,9,-6,GOLDEN STATE WARRIORS,HOME,PHO,LOSS,2049,4,10,1,3,0,0,1,0,7,4,0,4,4,7.6
TRUE,12/5/2010,39,-9,GOLDEN STATE WARRIORS,AWAY,OKC,LOSS,2751,14,20,4,7,7,7,0,1,6,2,1,5,5,30.8
TRUE,12/7/2010,21,-2,GOLDEN STATE WARRIORS,AWAY,DAL,LOSS,2493,8,16,3,5,2,2,1,5,4,2,0,6,2,13.2
TRUE,12/8/2010,0,-15,GOLDEN STATE WARRIORS,AWAY,SAS,LOSS,651,0,2,0,0,0,0,0,1,3,0,0,2,2,-1.8
TRUE,12/25/2010,4,7,GOLDEN STATE WARRIORS,HOME,POR,WIN,1758,2,15,0,5,0,0,1,3,11,0,0,2,2,0.8
TRUE,12/27/2010,17,18,GOLDEN STATE WARRIORS,HOME,PHI,WIN,1700,5,13,4,6,3,3,0,5,8,1,0,2,5,14
TRUE,12/29/2010,9,-1,GOLDEN STATE WARRIORS,AWAY,ATL,LOSS,1738,4,13,0,3,1,1,1,4,12,0,0,3,2,8
TRUE,12/31/2010,24,6,GOLDEN STATE WARRIORS,AWAY,CHB,WIN,2166,10,17,4,5,0,0,0,1,3,1,0,3,3,15.3
TRUE,1/1/2011,15,-12,GOLDEN STATE WARRIORS,AWAY,MIA,LOSS,2151,7,12,1,2,0,0,1,1,6,3,0,1,5,14.6
TRUE,1/3/2011,15,-13,GOLDEN STATE WARRIORS,AWAY,ORL,LOSS,2100,5,13,3,6,2,2,0,6,5,2,0,5,3,9
TRUE,1/5/2011,21,8,GOLDEN STATE WARRIORS,AWAY,NOH,WIN,2394,6,11,1,3,8,8,1,2,5,4,0,2,3,21.3
TRUE,1/7/2011,15,15,GOLDEN STATE WARRIORS,HOME,CLE,WIN,1470,4,7,3,4,4,4,0,2,4,2,1,0,2,17
TRUE,1/9/2011,8,-13,GOLDEN STATE WARRIORS,AWAY,LAC,LOSS,1558,2,13,0,6,4,5,0,5,4,1,0,2,4,1
TRUE,1/12/2011,15,2,GOLDEN STATE WARRIORS,HOME,LAS,LOSS,2271,5,12,1,6,4,4,1,3,10,2,0,3,3,15
TRUE,1/14/2011,23,9,GOLDEN STATE WARRIORS,HOME,LAC,WIN,1629,7,15,5,7,4,4,1,3,4,1,0,2,2,17.9
TRUE,1/17/2011,13,11,GOLDEN STATE WARRIORS,HOME,NJN,WIN,1384,4,10,2,5,3,4,0,2,6,0,1,2,4,9.1
TRUE,1/19/2011,11,17,GOLDEN STATE WARRIORS,HOME,IND,WIN,1956,4,10,0,3,3,3,0,4,8,2,0,1,1,13
TRUE,1/21/2011,34,7,GOLDEN STATE WARRIORS,HOME,SAC,WIN,2650,12,21,3,7,7,7,1,2,3,4,0,4,2,26.7
TRUE,1/22/2011,32,9,GOLDEN STATE WARRIORS,AWAY,LAC,LOSS,2450,12,23,3,9,5,5,2,4,8,1,1,2,5,26.6
TRUE,1/24/2011,14,-4,GOLDEN STATE WARRIORS,HOME,SAS,LOSS,2162,6,15,2,5,0,0,1,5,5,0,1,4,4,6.7
TRUE,1/26/2011,20,-4,GOLDEN STATE WARRIORS,HOME,NOH,LOSS,2355,8,13,1,3,3,3,0,3,6,2,0,5,1,15.8
TRUE,1/28/2011,27,-3,GOLDEN STATE WARRIORS,HOME,CHB,LOSS,2593,8,12,4,5,7,7,0,3,5,2,0,3,5,23.2
TRUE,1/30/2011,27,13,GOLDEN STATE WARRIORS,HOME,UTA,WIN,2073,10,18,3,8,4,4,1,5,7,2,1,2,2,25.4
TRUE,2/3/2011,16,4,GOLDEN STATE WARRIORS,HOME,MIL,WIN,2010,6,11,2,4,2,2,1,4,5,1,1,7,2,10
TRUE,2/5/2011,23,14,GOLDEN STATE WARRIORS,HOME,CHI,WIN,2657,9,15,2,4,3,3,1,5,8,1,0,2,1,22.5
TRUE,2/7/2011,15,-12,GOLDEN STATE WARRIORS,HOME,PHO,LOSS,2657,7,17,0,6,1,1,0,2,8,1,0,5,1,7.7
TRUE,2/9/2011,13,-2,GOLDEN STATE WARRIORS,HOME,DEN,WIN,1759,5,9,1,3,2,2,0,1,2,0,0,3,4,5.8
TRUE,2/10/2011,12,-26,GOLDEN STATE WARRIORS,AWAY,PHO,LOSS,1489,5,9,2,3,0,0,0,2,2,1,0,4,0,6.7
TRUE,2/13/2011,23,17,GOLDEN STATE WARRIORS,HOME,OKC,WIN,2268,10,18,2,5,1,1,0,2,13,2,0,0,2,25.3
TRUE,2/15/2011,14,13,GOLDEN STATE WARRIORS,HOME,NOH,WIN,1461,5,5,3,3,1,1,0,0,8,1,0,3,3,14.9
TRUE,2/16/2011,4,-6,GOLDEN STATE WARRIORS,AWAY,UTA,WIN,1290,1,7,0,3,2,2,0,0,4,2,0,1,5,1.3
TRUE,2/22/2011,18,-15,GOLDEN STATE WARRIORS,HOME,BOS,LOSS,1803,7,10,1,2,3,5,0,4,2,1,0,5,4,10
TRUE,2/25/2011,7,-27,GOLDEN STATE WARRIORS,HOME,ATL,LOSS,1800,2,7,0,2,3,3,1,1,5,0,0,3,1,4
TRUE,2/27/2011,33,4,GOLDEN STATE WARRIORS,AWAY,MIN,LOSS,2670,13,21,5,7,2,2,1,10,2,2,0,2,1,28.2
TRUE,3/1/2011,20,-19,GOLDEN STATE WARRIORS,AWAY,IND,LOSS,2093,7,17,4,8,2,2,1,5,7,0,1,5,5,11.7
TRUE,3/2/2011,29,-8,GOLDEN STATE WARRIORS,AWAY,WSH,WIN,2207,9,18,3,7,8,9,2,7,5,1,0,3,2,23.8
TRUE,3/4/2011,9,-8,GOLDEN STATE WARRIORS,AWAY,BOS,LOSS,1890,4,11,1,4,0,0,2,1,5,0,0,4,3,2.9
TRUE,3/6/2011,22,6,GOLDEN STATE WARRIORS,AWAY,PHI,LOSS,2112,8,16,1,3,5,5,0,1,7,0,2,4,3,15.4
TRUE,3/8/2011,23,20,GOLDEN STATE WARRIORS,AWAY,CLE,WIN,2352,10,18,2,5,1,1,4,3,6,2,1,3,3,20.8
TRUE,3/9/2011,15,-13,GOLDEN STATE WARRIORS,AWAY,NJN,LOSS,1817,6,15,2,4,1,1,0,3,3,2,0,3,3,7.7
TRUE,3/11/2011,22,1,GOLDEN STATE WARRIORS,HOME,ORL,WIN,2389,8,19,4,10,2,2,0,4,12,3,0,5,4,17.9
TRUE,3/13/2011,24,18,GOLDEN STATE WARRIORS,HOME,MIN,WIN,2275,8,15,4,6,4,4,1,8,6,2,0,1,2,24.2
TRUE,3/14/2011,19,-12,GOLDEN STATE WARRIORS,AWAY,SAC,LOSS,1436,7,14,5,8,0,0,0,3,1,1,1,3,1,11.9
TRUE,3/16/2011,10,-10,GOLDEN STATE WARRIORS,HOME,DAL,LOSS,1934,4,10,2,4,0,1,0,0,5,1,0,3,2,4.9
TRUE,3/18/2011,15,-18,GOLDEN STATE WARRIORS,AWAY,PHO,LOSS,2080,6,13,2,5,1,1,1,1,5,0,0,2,3,9.6
TRUE,3/20/2011,11,-8,GOLDEN STATE WARRIORS,AWAY,DAL,LOSS,1862,4,12,1,3,2,3,1,5,6,0,0,2,4,6.6
TRUE,3/21/2011,8,-12,GOLDEN STATE WARRIORS,AWAY,SAS,LOSS,1197,3,8,1,2,1,1,0,0,2,0,0,1,4,2.4
TRUE,3/23/2011,16,-14,GOLDEN STATE WARRIORS,AWAY,HOU,LOSS,1798,7,16,2,3,0,0,3,3,6,1,0,4,4,10.2
TRUE,3/25/2011,23,43,GOLDEN STATE WARRIORS,HOME,TOR,WIN,2179,7,13,4,6,5,5,0,3,8,0,0,3,2,19.4
TRUE,3/27/2011,10,11,GOLDEN STATE WARRIORS,HOME,WSH,WIN,1697,3,11,1,4,3,3,1,4,4,1,1,5,5,2.9
TRUE,3/29/2011,35,6,GOLDEN STATE WARRIORS,AWAY,OKC,LOSS,2911,13,23,5,8,4,4,1,5,5,2,0,6,3,24.6
TRUE,3/30/2011,6,-21,GOLDEN STATE WARRIORS,AWAY,MEM,LOSS,1865,2,14,1,6,1,1,4,2,9,1,0,6,4,0.1
TRUE,4/2/2011,12,9,GOLDEN STATE WARRIORS,HOME,DAL,WIN,1891,3,8,1,3,5,5,0,4,8,2,0,3,5,11.4
TRUE,4/5/2011,28,20,GOLDEN STATE WARRIORS,AWAY,POR,WIN,2526,10,21,3,5,5,6,1,7,4,2,1,2,2,22.4
TRUE,4/6/2011,20,2,GOLDEN STATE WARRIORS,HOME,LAS,WIN,2525,8,23,2,6,2,2,2,4,5,2,0,2,3,12
TRUE,4/10/2011,27,1,GOLDEN STATE WARRIORS,HOME,SAC,LOSS,1938,11,17,3,6,2,2,3,3,8,1,0,3,4,24.5
TRUE,4/11/2011,27,-8,GOLDEN STATE WARRIORS,AWAY,DEN,LOSS,2132,10,13,3,4,4,4,1,4,5,0,0,5,1,21.9
TRUE,4/13/2011,18,16,GOLDEN STATE WARRIORS,HOME,POR,WIN,1449,7,11,2,4,2,2,0,3,9,0,0,1,4,17.7
TRUE,12/25/2011,4,-5,GOLDEN STATE WARRIORS,HOME,LAC,LOSS,2008,2,12,0,4,0,1,2,3,4,2,2,5,4,-2.1
TRUE,12/26/2011,21,11,GOLDEN STATE WARRIORS,HOME,CHI,WIN,2249,7,12,1,3,6,7,1,6,10,6,0,4,4,24.9
TRUE,12/31/2011,21,-22,GOLDEN STATE WARRIORS,HOME,PHI,LOSS,1817,9,15,3,8,0,0,0,4,4,0,0,5,3,11.9
TRUE,1/2/2012,10,-3,GOLDEN STATE WARRIORS,AWAY,PHO,LOSS,1402,4,8,2,3,0,0,0,2,2,1,0,2,5,5
TRUE,1/4/2012,20,2,GOLDEN STATE WARRIORS,AWAY,SAS,LOSS,1821,7,11,3,4,3,3,0,3,8,0,0,2,2,18.8
TRUE,1/20/2012,12,-4,GOLDEN STATE WARRIORS,HOME,IND,LOSS,1744,5,15,2,6,0,0,1,1,3,0,0,3,2,2.8
TRUE,1/23/2012,18,-7,GOLDEN STATE WARRIORS,HOME,MEM,LOSS,2165,8,18,2,7,0,0,3,3,5,3,0,5,3,11.9
TRUE,1/25/2012,32,7,GOLDEN STATE WARRIORS,HOME,POR,WIN,2274,12,19,6,8,2,3,0,6,7,4,0,1,0,32.8
TRUE,1/27/2012,15,-9,GOLDEN STATE WARRIORS,HOME,OKC,LOSS,1642,6,16,2,7,1,1,0,2,6,2,0,4,4,7.4
TRUE,1/31/2012,3,3,GOLDEN STATE WARRIORS,HOME,SAC,WIN,1560,1,7,0,3,1,2,0,3,8,1,1,0,1,5.9
TRUE,2/2/2012,29,18,GOLDEN STATE WARRIORS,HOME,UTA,WIN,2295,10,14,2,5,7,8,0,5,12,3,0,3,4,31.1
TRUE,2/4/2012,11,-11,GOLDEN STATE WARRIORS,AWAY,SAC,LOSS,1742,4,14,3,8,0,0,2,0,9,4,0,5,1,9.1
TRUE,2/7/2012,16,13,GOLDEN STATE WARRIORS,HOME,OKC,LOSS,2576,7,9,1,2,1,2,1,6,10,2,0,3,3,19.4
TRUE,2/9/2012,36,15,GOLDEN STATE WARRIORS,AWAY,DEN,WIN,2155,13,17,6,9,4,7,0,7,7,0,2,1,3,34.3
TRUE,2/12/2012,14,4,GOLDEN STATE WARRIORS,HOME,HOU,WIN,2049,5,14,3,6,1,1,0,0,5,2,0,2,4,8.1
TRUE,2/13/2012,9,2,GOLDEN STATE WARRIORS,HOME,PHO,WIN,1913,3,10,1,4,2,2,2,5,5,1,0,2,2,7.8
TRUE,2/15/2012,8,7,GOLDEN STATE WARRIORS,HOME,POR,LOSS,2264,3,10,0,2,2,2,1,2,8,2,2,2,2,9.7
TRUE,2/17/2012,11,-12,GOLDEN STATE WARRIORS,AWAY,OKC,LOSS,1676,4,13,3,5,0,0,1,1,4,0,0,4,2,2.5
TRUE,2/18/2012,36,9,GOLDEN STATE WARRIORS,AWAY,MEM,LOSS,2414,13,21,6,9,4,4,1,1,6,2,0,2,5,29.7
TRUE,2/20/2012,11,16,GOLDEN STATE WARRIORS,HOME,LAC,WIN,1996,3,6,3,5,2,2,0,3,6,0,1,3,3,9.6
TRUE,2/22/2012,9,13,GOLDEN STATE WARRIORS,AWAY,PHO,WIN,600,3,7,1,3,2,2,0,0,2,2,0,1,1,7.3
TRUE,2/29/2012,0,2,GOLDEN STATE WARRIORS,AWAY,ATL,WIN,3,0,0,0,0,0,0,0,0,0,0,0,0,0,0
TRUE,3/5/2012,12,10,GOLDEN STATE WARRIORS,AWAY,WSH,WIN,558,5,7,2,3,0,0,0,1,1,1,0,0,1,10.7
TRUE,3/7/2012,15,4,GOLDEN STATE WARRIORS,HOME,MEM,LOSS,1456,7,11,1,2,0,0,0,4,3,0,0,2,3,10.2
TRUE,3/10/2012,10,10,GOLDEN STATE WARRIORS,HOME,DAL,WIN,979,4,7,2,4,0,0,0,2,2,1,0,3,0,6.7
TRUE,3/11/2012,0,6,GOLDEN STATE WARRIORS,AWAY,LAC,WIN,553,0,3,0,1,0,0,0,3,1,0,0,1,0,-1.5
TRUE,10/31/2012,5,-2,GOLDEN STATE WARRIORS,AWAY,PHO,WIN,1822,2,14,0,6,1,3,3,4,3,2,0,4,3,-2.6
TRUE,11/2/2012,26,-7,GOLDEN STATE WARRIORS,HOME,MEM,LOSS,2550,10,20,6,10,0,1,1,4,7,1,0,4,3,18.2
TRUE,11/3/2012,23,6,GOLDEN STATE WARRIORS,AWAY,LAC,WIN,2582,6,16,2,7,9,10,0,4,4,3,0,5,4,14.2
TRUE,11/5/2012,12,0,GOLDEN STATE WARRIORS,AWAY,SAC,LOSS,2342,3,15,2,6,4,5,1,5,8,1,0,3,2,7.3
TRUE,11/7/2012,21,7,GOLDEN STATE WARRIORS,HOME,CLE,WIN,2188,8,14,2,6,3,3,0,5,6,2,0,3,3,17.9
TRUE,11/9/2012,18,-19,GOLDEN STATE WARRIORS,AWAY,LAS,LOSS,1816,6,16,2,6,4,4,0,3,5,1,0,0,0,14.6
TRUE,11/10/2012,19,-5,GOLDEN STATE WARRIORS,HOME,DEN,LOSS,2232,7,17,3,6,2,2,0,5,3,3,0,4,5,10.5
TRUE,11/14/2012,12,1,GOLDEN STATE WARRIORS,HOME,ATL,WIN,1951,4,12,0,5,4,4,0,1,7,3,0,4,3,8.2
TRUE,11/16/2012,17,19,GOLDEN STATE WARRIORS,AWAY,MIN,WIN,1749,7,12,0,3,3,3,2,2,6,1,1,3,6,13.9
TRUE,11/18/2012,22,-11,GOLDEN STATE WARRIORS,AWAY,OKC,LOSS,2001,9,17,4,8,0,0,1,1,6,0,0,3,2,15.1
TRUE,11/19/2012,31,3,GOLDEN STATE WARRIORS,AWAY,DAL,WIN,2596,9,21,3,7,10,10,0,6,9,2,0,4,2,25.2
TRUE,11/21/2012,25,9,GOLDEN STATE WARRIORS,HOME,BKN,WIN,2495,7,13,2,4,9,10,0,6,4,0,0,2,2,20.1
TRUE,11/23/2012,6,-18,GOLDEN STATE WARRIORS,AWAY,DEN,LOSS,1546,2,5,2,2,0,0,0,1,3,0,0,4,4,0.1
TRUE,11/24/2012,20,22,GOLDEN STATE WARRIORS,HOME,MIN,WIN,2333,7,19,5,10,1,1,0,2,6,1,0,3,3,11.1
TRUE,11/29/2012,20,2,GOLDEN STATE WARRIORS,HOME,DEN,WIN,2707,7,17,4,7,2,2,1,3,10,4,0,3,4,18.9
TRUE,12/1/2012,20,6,GOLDEN STATE WARRIORS,HOME,IND,WIN,2227,7,14,3,5,3,3,0,1,11,2,0,4,4,17.4
TRUE,12/3/2012,25,-3,GOLDEN STATE WARRIORS,HOME,ORL,LOSS,2652,9,21,3,6,4,5,1,4,11,2,0,1,0,24.1
TRUE,12/5/2012,22,10,GOLDEN STATE WARRIORS,AWAY,DET,WIN,2236,7,15,4,6,4,4,0,3,10,4,0,1,2,24.4
TRUE,12/7/2012,28,8,GOLDEN STATE WARRIORS,AWAY,BKN,WIN,2579,10,19,5,9,3,3,1,3,5,2,0,0,1,25.4
TRUE,12/8/2012,22,-5,GOLDEN STATE WARRIORS,AWAY,WSH,WIN,2128,7,15,2,8,6,7,1,2,5,0,0,4,1,14.3
TRUE,12/10/2012,27,3,GOLDEN STATE WARRIORS,AWAY,CHB,WIN,2193,10,22,4,7,3,4,1,6,7,1,0,3,5,18.6
TRUE,12/12/2012,9,9,GOLDEN STATE WARRIORS,AWAY,MIA,WIN,2505,4,10,1,3,0,0,0,3,7,2,0,6,0,5.4
TRUE,12/14/2012,25,-6,GOLDEN STATE WARRIORS,AWAY,ORL,LOSS,2574,8,19,2,5,7,8,1,2,3,0,0,1,0,16.9
TRUE,12/15/2012,18,20,GOLDEN STATE WARRIORS,AWAY,ATL,WIN,2172,6,20,3,11,3,3,0,8,11,3,0,4,1,15.1
TRUE,12/18/2012,13,3,GOLDEN STATE WARRIORS,HOME,NOH,WIN,2357,5,13,1,3,2,2,2,3,3,0,0,2,2,7.5
TRUE,12/19/2012,32,0,GOLDEN STATE WARRIORS,AWAY,SAC,LOSS,2506,11,24,7,12,3,3,0,6,4,1,1,4,6,19.5
TRUE,12/21/2012,27,7,GOLDEN STATE WARRIORS,HOME,CHB,WIN,2141,9,17,8,13,1,1,0,3,8,0,2,2,2,23.8
TRUE,12/22/2012,20,6,GOLDEN STATE WARRIORS,HOME,LAS,LOSS,2671,8,23,3,10,1,1,1,7,7,4,0,4,4,13.2
TRUE,12/26/2012,23,12,GOLDEN STATE WARRIORS,AWAY,UTA,WIN,2271,7,18,4,7,5,6,2,6,7,1,1,2,0,20.6
TRUE,12/28/2012,11,7,GOLDEN STATE WARRIORS,HOME,PHI,WIN,2363,5,11,1,4,0,0,0,5,6,1,0,4,3,6.8
TRUE,12/29/2012,22,19,GOLDEN STATE WARRIORS,HOME,BOS,WIN,2083,8,13,4,5,2,2,1,3,9,3,2,5,3,22.2
TRUE,1/2/2013,31,27,GOLDEN STATE WARRIORS,HOME,LAC,WIN,2589,11,16,6,8,3,4,1,5,8,2,0,4,3,28.4
TRUE,1/5/2013,10,-31,GOLDEN STATE WARRIORS,AWAY,LAC,LOSS,1740,4,11,1,5,1,1,0,0,5,0,0,2,0,5.4
TRUE,1/9/2013,24,-12,GOLDEN STATE WARRIORS,HOME,MEM,LOSS,2431,10,22,4,8,0,1,1,3,4,2,0,4,2,13.8
TRUE,1/11/2013,22,-1,GOLDEN STATE WARRIORS,HOME,POR,WIN,2616,7,22,3,8,5,5,0,3,12,3,1,1,1,21
TRUE,1/13/2013,29,-13,GOLDEN STATE WARRIORS,AWAY,DEN,LOSS,2461,11,18,7,9,0,0,0,0,7,1,0,1,4,24.1
TRUE,1/19/2013,20,11,GOLDEN STATE WARRIORS,AWAY,NOH,WIN,2309,5,17,2,8,8,10,1,2,7,4,0,1,2,17.7
TRUE,1/21/2013,28,7,GOLDEN STATE WARRIORS,HOME,LAC,WIN,2198,9,14,6,8,4,4,0,3,6,0,0,2,4,23.3
TRUE,1/23/2013,31,8,GOLDEN STATE WARRIORS,HOME,OKC,WIN,2496,11,27,3,14,6,6,1,2,7,4,0,2,1,24.3
TRUE,1/25/2013,21,-15,GOLDEN STATE WARRIORS,AWAY,CHI,LOSS,2199,7,18,3,7,4,4,0,1,1,0,0,2,1,9.8
TRUE,1/26/2013,26,-8,GOLDEN STATE WARRIORS,AWAY,MIL,LOSS,2210,8,19,5,9,5,5,2,0,7,1,0,2,2,20.4
TRUE,1/28/2013,17,0,GOLDEN STATE WARRIORS,AWAY,TOR,WIN,1576,7,12,1,3,2,2,1,0,5,1,0,2,1,14.2
TRUE,2/2/2013,29,28,GOLDEN STATE WARRIORS,HOME,PHO,WIN,2545,11,20,6,10,1,1,0,2,8,2,0,2,3,24.4
TRUE,2/5/2013,7,-27,GOLDEN STATE WARRIORS,AWAY,HOU,LOSS,1690,3,12,1,5,0,0,0,4,9,0,1,2,2,5.2
TRUE,2/6/2013,14,-8,GOLDEN STATE WARRIORS,AWAY,OKC,LOSS,2168,5,20,2,7,2,2,3,5,11,1,0,6,3,7.1
TRUE,2/8/2013,32,2,GOLDEN STATE WARRIORS,AWAY,MEM,LOSS,2394,11,22,4,9,6,6,3,2,8,2,0,2,4,27.7
TRUE,2/9/2013,18,-22,GOLDEN STATE WARRIORS,AWAY,DAL,LOSS,1845,8,23,1,3,1,1,3,4,4,1,0,5,2,6.4
TRUE,2/12/2013,27,-3,GOLDEN STATE WARRIORS,HOME,HOU,LOSS,2077,10,19,2,5,5,6,0,5,6,1,0,1,4,21.4
TRUE,2/19/2013,29,-18,GOLDEN STATE WARRIORS,AWAY,UTA,LOSS,2252,12,22,4,9,1,1,2,3,4,1,0,4,3,19.3
TRUE,2/20/2013,20,16,GOLDEN STATE WARRIORS,HOME,PHO,WIN,2444,8,16,2,6,2,2,0,3,11,1,0,2,1,19.2
TRUE,2/22/2013,19,0,GOLDEN STATE WARRIORS,HOME,SAS,WIN,2695,6,17,3,9,4,5,0,4,6,1,0,2,2,12.7
TRUE,2/24/2013,18,1,GOLDEN STATE WARRIORS,AWAY,MIN,WIN,2014,6,15,1,5,5,5,1,4,5,5,0,6,5,12.3
TRUE,2/26/2013,38,-12,GOLDEN STATE WARRIORS,AWAY,IND,LOSS,2203,14,20,7,10,3,4,0,2,4,3,1,6,3,29.1
TRUE,2/27/2013,54,-4,GOLDEN STATE WARRIORS,AWAY,NYK,LOSS,2880,18,28,11,13,7,7,0,6,7,3,0,4,3,46.1
TRUE,3/1/2013,25,7,GOLDEN STATE WARRIORS,AWAY,BOS,LOSS,2523,6,22,3,11,10,10,0,1,6,1,0,4,2,12.7
TRUE,3/2/2013,30,2,GOLDEN STATE WARRIORS,AWAY,PHI,LOSS,2515,11,20,3,9,5,7,0,3,9,3,0,4,2,25
TRUE,3/4/2013,26,1,GOLDEN STATE WARRIORS,HOME,TOR,WIN,2516,8,16,2,5,8,8,2,3,12,0,0,6,5,20.7
TRUE,3/6/2013,13,-2,GOLDEN STATE WARRIORS,HOME,SAC,WIN,2055,3,11,2,5,5,5,1,4,8,2,0,6,4,8.4
TRUE,3/8/2013,24,-9,GOLDEN STATE WARRIORS,HOME,HOU,LOSS,2575,8,21,3,8,5,7,1,4,8,1,0,1,5,17.2
TRUE,3/9/2013,16,-12,GOLDEN STATE WARRIORS,HOME,MIL,LOSS,2354,7,18,2,6,0,0,1,1,10,0,0,4,4,8.6
TRUE,3/11/2013,26,26,GOLDEN STATE WARRIORS,HOME,NYK,WIN,2216,9,18,6,10,2,2,1,5,3,1,0,2,1,19.9
TRUE,3/13/2013,31,15,GOLDEN STATE WARRIORS,HOME,DET,WIN,2574,11,17,5,7,4,4,1,1,8,1,0,4,0,27.1
TRUE,3/15/2013,8,-32,GOLDEN STATE WARRIORS,HOME,CHI,LOSS,1788,2,13,0,5,4,4,0,0,4,0,0,1,2,0.7
TRUE,3/17/2013,29,22,GOLDEN STATE WARRIORS,AWAY,HOU,WIN,2672,12,22,5,11,0,0,0,5,11,2,1,3,1,26.9
TRUE,3/18/2013,30,19,GOLDEN STATE WARRIORS,AWAY,NOH,WIN,2320,10,19,6,9,4,4,1,6,3,0,0,7,3,17.1
TRUE,3/20/2013,24,-12,GOLDEN STATE WARRIORS,AWAY,SAS,LOSS,2137,8,20,4,8,4,5,1,3,3,2,0,3,0,15.5
TRUE,3/23/2013,35,9,GOLDEN STATE WARRIORS,HOME,WSH,WIN,1899,13,18,6,10,3,4,0,2,8,2,0,3,2,31.6
TRUE,3/25/2013,25,3,GOLDEN STATE WARRIORS,HOME,LAS,WIN,2580,9,24,3,9,4,7,0,7,10,0,0,2,4,16.1
TRUE,3/27/2013,17,1,GOLDEN STATE WARRIORS,HOME,SAC,LOSS,2735,5,18,2,9,5,6,2,3,12,4,0,3,3,16.5
TRUE,3/30/2013,39,15,GOLDEN STATE WARRIORS,HOME,POR,WIN,2248,14,22,7,12,4,4,2,3,6,1,0,3,2,32.9
TRUE,4/3/2013,20,14,GOLDEN STATE WARRIORS,HOME,NOH,WIN,2157,6,14,4,10,4,4,0,3,9,1,0,2,5,16.8
TRUE,4/5/2013,18,14,GOLDEN STATE WARRIORS,AWAY,PHO,WIN,2458,6,15,3,8,3,3,0,1,15,4,0,4,5,18.7
TRUE,4/7/2013,22,-5,GOLDEN STATE WARRIORS,HOME,UTA,LOSS,2709,8,19,4,9,2,2,1,3,5,1,0,5,3,11.8
TRUE,4/9/2013,24,12,GOLDEN STATE WARRIORS,HOME,MIN,WIN,2350,9,21,2,9,4,5,1,3,10,1,1,3,4,18.2
TRUE,4/11/2013,22,-9,GOLDEN STATE WARRIORS,HOME,OKC,LOSS,2095,9,18,3,6,1,1,0,3,7,2,0,4,0,16.8
TRUE,4/12/2013,47,3,GOLDEN STATE WARRIORS,AWAY,LAS,LOSS,2657,17,31,9,15,4,4,3,3,9,3,0,1,3,42.2
TRUE,4/15/2013,35,13,GOLDEN STATE WARRIORS,HOME,SAS,WIN,2322,13,23,7,13,2,2,1,7,5,2,0,3,0,29.4
TRUE,4/17/2013,15,9,GOLDEN STATE WARRIORS,AWAY,POR,WIN,1901,5,16,4,11,1,1,1,1,5,3,0,1,2,11.5
TRUE,10/30/2013,10,28,GOLDEN STATE WARRIORS,HOME,LAS,WIN,1437,4,10,2,5,0,0,0,4,6,1,0,1,4,8.4
TRUE,10/31/2013,38,-8,GOLDEN STATE WARRIORS,AWAY,LAC,LOSS,2309,14,23,9,14,1,1,0,3,9,0,0,11,3,22.5
TRUE,11/2/2013,22,18,GOLDEN STATE WARRIORS,HOME,SAC,WIN,1950,8,13,5,8,1,1,0,1,12,1,0,7,4,17.2
TRUE,11/4/2013,18,34,GOLDEN STATE WARRIORS,AWAY,PHI,WIN,1753,7,16,2,9,2,2,3,7,12,5,1,2,0,25.9
TRUE,11/6/2013,5,3,GOLDEN STATE WARRIORS,AWAY,MIN,WIN,1451,2,8,0,3,1,2,0,1,7,1,0,1,1,4.6
TRUE,11/9/2013,22,-9,GOLDEN STATE WARRIORS,AWAY,MEM,LOSS,2062,7,18,4,10,4,4,1,1,5,3,0,3,1,16.3
TRUE,11/12/2013,25,20,GOLDEN STATE WARRIORS,HOME,DET,WIN,1740,7,10,2,4,9,9,1,1,8,1,0,2,4,24.8
TRUE,11/14/2013,22,-4,GOLDEN STATE WARRIORS,HOME,OKC,WIN,2587,8,22,4,8,2,3,0,5,9,1,0,2,4,14.6
TRUE,11/16/2013,15,18,GOLDEN STATE WARRIORS,HOME,UTA,WIN,2311,7,20,0,5,1,2,0,3,11,1,0,0,1,12.6
TRUE,11/18/2013,22,22,GOLDEN STATE WARRIORS,AWAY,UTA,WIN,1995,7,15,4,7,4,4,2,4,8,3,0,5,4,18.9
TRUE,11/23/2013,22,-6,GOLDEN STATE WARRIORS,HOME,POR,LOSS,2230,8,21,2,9,4,5,0,3,11,1,0,5,1,14.3
TRUE,11/26/2013,16,-2,GOLDEN STATE WARRIORS,AWAY,NOP,WIN,2525,7,20,2,5,0,0,1,7,9,3,1,2,2,14.8
TRUE,11/27/2013,29,-3,GOLDEN STATE WARRIORS,AWAY,DAL,LOSS,2544,9,19,6,10,5,5,0,4,8,1,0,6,3,19.9
TRUE,11/29/2013,32,4,GOLDEN STATE WARRIORS,AWAY,OKC,LOSS,2682,13,26,4,10,2,3,2,9,5,0,0,3,4,21.6
TRUE,12/1/2013,36,1,GOLDEN STATE WARRIORS,AWAY,SAC,WIN,2410,14,24,5,8,3,3,0,2,10,3,1,7,1,28.7
TRUE,12/3/2013,27,16,GOLDEN STATE WARRIORS,HOME,TOR,WIN,2605,8,15,3,7,8,10,0,3,10,5,1,3,1,29.1
TRUE,12/6/2013,22,-12,GOLDEN STATE WARRIORS,AWAY,HOU,LOSS,1948,5,14,1,5,11,11,0,1,5,3,0,8,4,11.4
TRUE,12/7/2013,22,21,GOLDEN STATE WARRIORS,AWAY,MEM,WIN,2721,7,16,2,7,6,7,1,5,15,0,1,1,4,24
TRUE,12/9/2013,43,3,GOLDEN STATE WARRIORS,AWAY,CHB,LOSS,2740,14,32,5,16,10,12,1,5,9,0,2,4,4,29.7
TRUE,12/11/2013,33,5,GOLDEN STATE WARRIORS,HOME,DAL,WIN,2636,13,25,6,11,1,1,0,4,10,3,0,8,3,22.7
TRUE,12/13/2013,20,-18,GOLDEN STATE WARRIORS,HOME,HOU,LOSS,2347,5,12,1,5,9,11,0,2,9,0,0,6,6,11.3
TRUE,12/15/2013,30,-4,GOLDEN STATE WARRIORS,AWAY,PHO,LOSS,2542,8,17,4,7,10,11,0,6,7,3,0,6,2,23.8
TRUE,12/17/2013,28,22,GOLDEN STATE WARRIORS,HOME,NOP,WIN,1960,11,19,2,7,4,4,1,3,11,3,0,3,3,27.2
TRUE,12/19/2013,30,-5,GOLDEN STATE WARRIORS,HOME,SAS,LOSS,2422,12,28,6,16,0,0,0,2,15,4,0,5,1,24.9
TRUE,12/21/2013,18,26,GOLDEN STATE WARRIORS,HOME,LAS,WIN,1966,5,15,4,9,4,4,1,5,10,3,0,1,2,19.9
TRUE,12/23/2013,14,8,GOLDEN STATE WARRIORS,AWAY,DEN,WIN,2114,5,14,2,3,2,4,0,3,7,2,1,2,4,10.3
TRUE,12/25/2013,15,8,GOLDEN STATE WARRIORS,HOME,LAC,WIN,2549,5,17,2,6,3,3,1,5,11,1,0,2,1,13.6
TRUE,12/27/2013,14,27,GOLDEN STATE WARRIORS,HOME,PHO,WIN,2013,5,17,1,6,3,5,3,10,16,1,0,7,3,12.4
TRUE,12/29/2013,29,2,GOLDEN STATE WARRIORS,AWAY,CLE,WIN,2892,10,23,5,10,4,5,0,9,11,2,1,5,3,23.4
TRUE,12/31/2013,9,21,GOLDEN STATE WARRIORS,AWAY,ORL,WIN,1775,4,10,1,5,0,0,0,5,8,0,0,6,1,4.3
TRUE,1/2/2014,36,16,GOLDEN STATE WARRIORS,AWAY,MIA,WIN,2623,13,22,8,15,2,3,0,2,12,2,0,4,4,30.8
TRUE,1/3/2014,22,12,GOLDEN STATE WARRIORS,AWAY,ATL,WIN,2079,7,15,1,7,7,8,0,8,9,5,0,9,5,16.6
TRUE,1/5/2014,14,35,GOLDEN STATE WARRIORS,AWAY,WSH,WIN,2258,5,17,1,5,3,3,1,2,10,1,1,2,5,10.1
TRUE,1/7/2014,15,9,GOLDEN STATE WARRIORS,AWAY,MIL,WIN,2174,5,18,2,11,3,4,0,0,6,1,0,7,2,1.4
TRUE,1/8/2014,34,-1,GOLDEN STATE WARRIORS,AWAY,BKN,LOSS,2728,11,25,2,10,10,10,0,5,7,3,0,7,5,21.3
TRUE,1/10/2014,19,5,GOLDEN STATE WARRIORS,HOME,BOS,WIN,2408,7,18,3,8,2,3,1,6,4,1,0,4,1,10.7
TRUE,1/15/2014,24,4,GOLDEN STATE WARRIORS,HOME,DEN,LOSS,2381,7,19,4,13,6,7,0,5,7,0,0,2,4,15.9
TRUE,1/17/2014,37,-10,GOLDEN STATE WARRIORS,AWAY,OKC,LOSS,2277,11,18,6,10,9,11,2,1,11,3,0,7,2,32.6
TRUE,1/18/2014,28,15,GOLDEN STATE WARRIORS,AWAY,NOP,WIN,2269,10,22,2,9,6,6,1,5,8,4,0,0,2,27.6
TRUE,1/20/2014,24,-4,GOLDEN STATE WARRIORS,HOME,IND,LOSS,2488,9,20,3,11,3,4,0,3,9,0,0,2,2,17.6
TRUE,1/24/2014,33,-3,GOLDEN STATE WARRIORS,HOME,MIN,LOSS,2213,12,21,6,10,3,3,1,2,15,1,0,5,3,29.7
TRUE,1/26/2014,38,12,GOLDEN STATE WARRIORS,HOME,POR,WIN,2078,13,23,5,8,7,10,1,6,8,2,0,2,1,33.6
TRUE,1/28/2014,23,-9,GOLDEN STATE WARRIORS,HOME,WSH,LOSS,2263,8,23,2,7,5,6,0,2,4,4,0,6,5,9.1
TRUE,1/30/2014,22,23,GOLDEN STATE WARRIORS,HOME,LAC,WIN,2021,8,10,4,4,2,2,0,4,7,1,1,3,3,21.8
TRUE,1/31/2014,44,15,GOLDEN STATE WARRIORS,AWAY,UTA,WIN,2286,14,26,8,13,8,9,0,2,4,0,0,2,0,32.4
TRUE,2/4/2014,17,-18,GOLDEN STATE WARRIORS,HOME,CHB,LOSS,2293,8,18,1,7,0,0,1,2,11,0,0,2,2,13.8
TRUE,2/6/2014,34,12,GOLDEN STATE WARRIORS,HOME,CHI,WIN,2565,13,19,4,6,4,4,0,3,9,1,0,2,3,30.9
TRUE,2/8/2014,28,-15,GOLDEN STATE WARRIORS,AWAY,PHO,LOSS,2469,10,20,3,10,5,6,1,1,9,0,0,2,2,22.1
TRUE,2/10/2014,23,34,GOLDEN STATE WARRIORS,HOME,PHI,WIN,1637,7,11,6,9,3,3,2,3,8,1,0,7,3,18.8
TRUE,2/12/2014,29,4,GOLDEN STATE WARRIORS,HOME,MIA,LOSS,2353,8,14,4,4,9,9,1,4,7,1,0,5,3,24
TRUE,2/19/2014,13,12,GOLDEN STATE WARRIORS,AWAY,SAC,WIN,2151,5,14,1,4,2,3,0,1,8,1,0,0,2,10.9
TRUE,2/20/2014,25,13,GOLDEN STATE WARRIORS,HOME,HOU,WIN,2306,8,15,5,8,4,4,0,2,6,2,0,2,5,20.5
TRUE,2/22/2014,17,12,GOLDEN STATE WARRIORS,HOME,BKN,WIN,1918,7,13,3,4,0,0,0,5,8,2,0,2,2,17
TRUE,2/24/2014,19,-2,GOLDEN STATE WARRIORS,AWAY,DET,WIN,2144,6,15,3,9,4,5,3,5,9,0,0,4,0,16.4
TRUE,2/26/2014,5,-12,GOLDEN STATE WARRIORS,AWAY,CHI,LOSS,1699,2,10,1,5,0,0,0,3,5,0,0,5,0,-1.8
TRUE,2/28/2014,27,19,GOLDEN STATE WARRIORS,AWAY,NYK,WIN,1818,9,19,5,11,4,4,2,9,11,0,1,4,2,25
TRUE,3/2/2014,34,-1,GOLDEN STATE WARRIORS,AWAY,TOR,LOSS,2592,13,27,4,11,4,6,1,3,7,1,0,6,3,19.8
TRUE,3/4/2014,19,-7,GOLDEN STATE WARRIORS,AWAY,IND,WIN,1919,7,18,2,5,3,3,1,7,6,2,0,4,5,12.2
TRUE,3/5/2014,14,28,GOLDEN STATE WARRIORS,AWAY,BOS,WIN,1311,6,10,1,4,1,1,0,3,4,1,0,0,3,12.9
TRUE,3/7/2014,13,10,GOLDEN STATE WARRIORS,HOME,ATL,WIN,1802,5,10,1,4,2,2,0,3,7,1,0,0,1,14.4
TRUE,3/9/2014,18,11,GOLDEN STATE WARRIORS,HOME,PHO,WIN,1816,7,16,1,5,3,3,0,2,9,0,0,1,1,15.1
TRUE,3/11/2014,10,-3,GOLDEN STATE WARRIORS,HOME,DAL,WIN,1337,4,12,1,5,1,1,0,2,4,3,0,3,1,6.2
TRUE,3/12/2014,13,2,GOLDEN STATE WARRIORS,AWAY,LAC,LOSS,1758,5,11,2,5,1,1,1,4,11,1,0,4,3,12.7
TRUE,3/14/2014,27,3,GOLDEN STATE WARRIORS,HOME,CLE,LOSS,2161,8,17,5,10,6,7,0,4,8,3,0,4,1,23.3
TRUE,3/16/2014,37,-5,GOLDEN STATE WARRIORS,AWAY,POR,WIN,2408,11,24,6,12,9,9,0,4,5,1,0,5,4,23.7
TRUE,3/18/2014,23,21,GOLDEN STATE WARRIORS,HOME,ORL,WIN,1906,9,13,3,6,2,2,1,2,5,0,0,3,1,18.9
TRUE,3/20/2014,31,13,GOLDEN STATE WARRIORS,HOME,MIL,WIN,2284,9,14,3,5,10,10,1,2,10,1,0,4,2,29.3
TRUE,3/22/2014,20,-7,GOLDEN STATE WARRIORS,HOME,SAS,LOSS,2365,5,13,1,4,9,9,0,6,6,1,0,6,0,13.9
TRUE,3/28/2014,33,9,GOLDEN STATE WARRIORS,HOME,MEM,WIN,2283,13,22,5,8,2,3,1,4,8,1,2,3,1,28.9
TRUE,3/30/2014,32,5,GOLDEN STATE WARRIORS,HOME,NYK,LOSS,2446,10,21,6,12,6,8,1,3,1,1,0,2,2,21
TRUE,4/1/2014,23,8,GOLDEN STATE WARRIORS,AWAY,DAL,WIN,2587,10,17,3,8,0,0,1,2,10,2,0,1,2,23.6
TRUE,4/2/2014,11,-19,GOLDEN STATE WARRIORS,AWAY,SAS,LOSS,1843,5,15,1,4,0,0,0,0,10,1,0,4,2,5.7
TRUE,4/4/2014,13,28,GOLDEN STATE WARRIORS,HOME,SAC,WIN,1713,5,12,2,5,1,1,1,1,5,1,0,1,2,10.3
TRUE,4/6/2014,31,31,GOLDEN STATE WARRIORS,HOME,UTA,WIN,1768,12,18,5,10,2,2,0,1,16,3,0,5,2,31.9
TRUE,4/10/2014,24,-3,GOLDEN STATE WARRIORS,HOME,DEN,LOSS,2012,8,19,2,7,6,6,0,7,6,4,0,2,1,21.8
TRUE,4/11/2014,30,13,GOLDEN STATE WARRIORS,AWAY,LAS,WIN,2083,12,20,4,5,2,2,0,10,12,2,0,6,3,27
TRUE,4/13/2014,47,6,GOLDEN STATE WARRIORS,AWAY,POR,LOSS,2726,16,29,7,14,8,8,1,0,5,4,0,4,3,36.1
TRUE,4/14/2014,32,10,GOLDEN STATE WARRIORS,HOME,MIN,WIN,2517,10,21,7,13,5,5,1,4,15,3,0,5,4,30.1
TRUE,10/29/2014,24,20,GOLDEN STATE WARRIORS,AWAY,SAC,WIN,2192,7,17,2,9,8,9,1,9,5,6,0,4,5,21.4
TRUE,11/1/2014,31,30,GOLDEN STATE WARRIORS,HOME,LAS,WIN,2046,10,19,3,8,8,8,0,5,10,3,0,2,3,30
TRUE,11/2/2014,21,12,GOLDEN STATE WARRIORS,AWAY,POR,WIN,1850,6,18,1,5,8,8,1,4,6,2,0,3,1,15.5
TRUE,11/5/2014,28,21,GOLDEN STATE WARRIORS,HOME,LAC,WIN,2029,9,18,4,8,6,6,0,6,7,1,0,5,4,20.1
TRUE,11/8/2014,34,13,GOLDEN STATE WARRIORS,AWAY,HOU,WIN,2398,13,19,6,9,2,2,1,8,5,4,0,5,2,30.7
TRUE,11/9/2014,28,-6,GOLDEN STATE WARRIORS,AWAY,PHO,LOSS,2044,10,20,4,10,4,4,0,2,10,5,0,10,5,18.6
TRUE,11/11/2014,16,-18,GOLDEN STATE WARRIORS,HOME,SAS,LOSS,2146,7,18,0,7,2,2,0,6,5,0,0,3,2,7.7
TRUE,11/13/2014,17,6,GOLDEN STATE WARRIORS,HOME,BKN,WIN,1916,6,12,3,7,2,2,1,2,5,0,0,3,5,10.8
TRUE,11/15/2014,19,23,GOLDEN STATE WARRIORS,HOME,CHA,WIN,1698,8,15,3,6,0,1,2,3,9,1,0,1,3,18.7
TRUE,11/16/2014,30,27,GOLDEN STATE WARRIORS,AWAY,LAS,WIN,1796,10,19,5,9,5,5,0,4,15,1,0,3,0,30.4
TRUE,11/21/2014,8,23,GOLDEN STATE WARRIORS,HOME,UTA,WIN,1470,3,9,2,6,0,0,0,5,10,2,0,4,2,8.6
TRUE,11/23/2014,15,2,GOLDEN STATE WARRIORS,AWAY,OKC,WIN,2287,5,15,2,6,3,4,0,6,6,1,0,1,0,12.1
TRUE,11/25/2014,40,28,GOLDEN STATE WARRIORS,AWAY,MIA,WIN,2225,12,19,8,11,8,9,0,6,7,3,1,2,2,38.7
TRUE,11/26/2014,28,22,GOLDEN STATE WARRIORS,AWAY,ORL,WIN,1418,9,13,6,8,4,5,1,4,8,0,0,1,1,28.2
TRUE,11/28/2014,26,16,GOLDEN STATE WARRIORS,AWAY,CHA,WIN,1940,9,20,1,10,7,7,1,3,6,1,2,4,4,18.2
TRUE,11/30/2014,16,11,GOLDEN STATE WARRIORS,AWAY,DET,WIN,1702,5,9,1,3,5,6,1,2,10,1,0,1,2,18.8
TRUE,12/2/2014,22,8,GOLDEN STATE WARRIORS,HOME,ORL,WIN,2187,8,17,3,9,3,3,1,3,5,0,0,4,2,13.6
TRUE,12/4/2014,19,11,GOLDEN STATE WARRIORS,HOME,NOP,WIN,1837,8,17,3,6,0,0,0,3,11,4,1,2,0,21.6
TRUE,12/6/2014,19,7,GOLDEN STATE WARRIORS,AWAY,CHI,WIN,2171,5,14,1,5,8,9,1,5,7,1,0,3,2,15.1
TRUE,12/8/2014,21,22,GOLDEN STATE WARRIORS,AWAY,MIN,WIN,1880,10,20,1,7,0,0,1,3,7,3,1,3,3,17
TRUE,12/10/2014,20,16,GOLDEN STATE WARRIORS,HOME,HOU,WIN,2247,8,15,3,5,1,1,1,6,7,0,0,4,3,14.9
TRUE,12/13/2014,29,13,GOLDEN STATE WARRIORS,AWAY,DAL,WIN,2231,9,22,3,11,8,9,0,3,8,2,0,1,1,23.9
TRUE,12/14/2014,34,5,GOLDEN STATE WARRIORS,AWAY,NOP,WIN,2395,11,21,6,10,6,6,0,7,7,1,0,6,1,25.3
TRUE,12/16/2014,19,16,GOLDEN STATE WARRIORS,AWAY,MEM,LOSS,2337,9,25,1,10,0,0,0,7,6,4,0,3,2,11.6
TRUE,12/18/2014,34,7,GOLDEN STATE WARRIORS,HOME,OKC,WIN,2491,14,24,5,12,1,1,4,3,9,4,1,4,0,33.5
TRUE,12/22/2014,12,15,GOLDEN STATE WARRIORS,HOME,SAC,WIN,1578,5,12,1,5,1,1,0,2,11,3,0,1,1,15.5
TRUE,12/23/2014,22,-10,GOLDEN STATE WARRIORS,AWAY,LAS,LOSS,1798,10,14,2,5,0,0,0,2,6,3,0,7,0,17
TRUE,12/25/2014,14,-12,GOLDEN STATE WARRIORS,AWAY,LAC,LOSS,2159,5,12,1,5,3,4,2,7,7,2,0,5,3,11.4
TRUE,12/27/2014,25,18,GOLDEN STATE WARRIORS,HOME,MIN,WIN,1832,9,18,4,9,3,4,1,2,6,3,0,3,3,19.9
TRUE,12/30/2014,13,28,GOLDEN STATE WARRIORS,HOME,PHI,WIN,1603,4,7,3,6,2,2,0,3,9,3,0,3,3,15.7
TRUE,1/2/2015,32,25,GOLDEN STATE WARRIORS,HOME,TOR,WIN,2034,10,18,5,11,7,7,2,3,12,1,0,0,3,33.9
TRUE,1/5/2015,19,15,GOLDEN STATE WARRIORS,HOME,OKC,WIN,1877,7,14,1,4,4,4,0,9,6,4,0,2,2,20.1
TRUE,1/7/2015,21,12,GOLDEN STATE WARRIORS,HOME,IND,WIN,2087,8,17,4,8,1,1,0,3,15,4,0,5,5,20.7
TRUE,1/9/2015,23,10,GOLDEN STATE WARRIORS,HOME,CLE,WIN,2100,8,15,3,8,4,4,0,1,10,2,0,1,1,23.6
TRUE,1/13/2015,27,17,GOLDEN STATE WARRIORS,AWAY,UTA,WIN,1753,10,16,4,9,3,3,0,2,11,0,0,2,2,25.3
TRUE,1/14/2015,32,11,GOLDEN STATE WARRIORS,HOME,MIA,WIN,1926,11,19,7,10,3,5,2,3,3,2,0,3,1,25.3
TRUE,1/16/2015,19,-4,GOLDEN STATE WARRIORS,AWAY,OKC,LOSS,1872,6,13,2,6,5,5,0,3,6,2,0,6,2,12.6
TRUE,1/17/2015,27,25,GOLDEN STATE WARRIORS,AWAY,HOU,WIN,1980,9,18,2,8,7,8,3,4,11,3,1,2,0,30.3
TRUE,1/19/2015,20,18,GOLDEN STATE WARRIORS,HOME,DEN,WIN,1514,7,13,2,5,4,4,1,0,8,1,2,1,2,20.6
TRUE,1/21/2015,22,23,GOLDEN STATE WARRIORS,HOME,HOU,WIN,2019,7,12,3,5,5,6,2,1,10,1,0,6,3,18.5
TRUE,1/23/2015,10,20,GOLDEN STATE WARRIORS,HOME,SAC,WIN,1743,3,11,2,7,2,2,1,3,11,2,0,6,0,8.8
TRUE,1/25/2015,22,6,GOLDEN STATE WARRIORS,HOME,BOS,WIN,1983,6,16,1,5,9,9,0,4,11,2,0,3,1,20.7
TRUE,1/27/2015,21,-3,GOLDEN STATE WARRIORS,HOME,CHI,LOSS,2578,9,23,2,9,1,1,0,4,9,3,0,3,3,14.8
TRUE,1/30/2015,32,-11,GOLDEN STATE WARRIORS,AWAY,UTA,LOSS,2039,10,22,5,11,7,9,1,6,6,3,0,2,1,27.1
TRUE,1/31/2015,25,23,GOLDEN STATE WARRIORS,HOME,PHO,WIN,2246,9,23,4,9,3,3,1,3,7,2,1,1,2,19.9
TRUE,2/3/2015,23,7,GOLDEN STATE WARRIORS,AWAY,SAC,WIN,1714,6,15,2,6,9,10,0,5,9,3,0,2,2,22.5
TRUE,2/4/2015,51,0,GOLDEN STATE WARRIORS,HOME,DAL,WIN,2217,16,26,10,16,9,11,0,4,4,1,0,3,3,39.2
TRUE,2/6/2015,26,-5,GOLDEN STATE WARRIORS,AWAY,ATL,LOSS,2172,8,19,4,9,6,7,0,2,9,2,2,1,3,23.6
TRUE,2/7/2015,22,19,GOLDEN STATE WARRIORS,AWAY,NYK,WIN,1879,8,18,5,9,1,3,2,4,0,2,0,3,0,13.4
TRUE,2/9/2015,20,0,GOLDEN STATE WARRIORS,AWAY,PHI,WIN,1905,7,20,3,12,3,4,0,5,6,3,0,1,2,15.3
TRUE,2/11/2015,25,0,GOLDEN STATE WARRIORS,AWAY,MIN,WIN,2130,9,23,2,10,5,5,2,3,8,3,0,3,1,20
TRUE,2/20/2015,25,22,GOLDEN STATE WARRIORS,HOME,SAS,WIN,1913,8,17,4,8,5,5,0,4,11,4,0,2,2,26.4
TRUE,2/24/2015,32,1,GOLDEN STATE WARRIORS,AWAY,WSH,WIN,2029,11,18,5,9,5,5,0,0,8,2,0,0,1,31
TRUE,2/26/2015,18,-10,GOLDEN STATE WARRIORS,AWAY,CLE,LOSS,2030,5,17,3,9,5,5,0,3,6,1,0,4,3,9
TRUE,2/27/2015,22,33,GOLDEN STATE WARRIORS,AWAY,TOR,WIN,1501,8,13,3,4,3,3,3,3,5,2,0,2,0,22.6
TRUE,3/1/2015,37,8,GOLDEN STATE WARRIORS,AWAY,BOS,WIN,2258,14,22,5,8,4,4,0,4,5,1,0,5,1,27.5
TRUE,3/2/2015,26,1,GOLDEN STATE WARRIORS,AWAY,BKN,LOSS,1756,8,16,6,12,4,4,0,2,7,1,0,4,4,18.9
TRUE,3/4/2015,19,6,GOLDEN STATE WARRIORS,HOME,MIL,WIN,2195,6,16,6,13,1,2,0,1,11,2,2,5,3,15
TRUE,3/6/2015,22,23,GOLDEN STATE WARRIORS,HOME,DAL,WIN,1853,6,11,5,8,5,6,0,2,7,2,1,3,2,20.7
TRUE,3/8/2015,12,15,GOLDEN STATE WARRIORS,HOME,LAC,WIN,1918,3,9,2,2,4,4,0,1,4,3,0,4,1,8.6
TRUE,3/9/2015,36,23,GOLDEN STATE WARRIORS,AWAY,PHO,WIN,2146,14,24,7,13,1,2,3,3,5,4,0,4,3,29.7
TRUE,3/11/2015,9,8,GOLDEN STATE WARRIORS,HOME,DET,WIN,2037,4,15,1,7,0,0,1,4,11,1,0,3,1,7.3
TRUE,3/14/2015,25,30,GOLDEN STATE WARRIORS,HOME,NYK,WIN,1616,8,15,6,10,3,3,0,3,11,3,0,1,2,27.5
TRUE,3/16/2015,19,-3,GOLDEN STATE WARRIORS,HOME,LAS,WIN,1960,5,14,2,6,7,7,0,4,9,3,0,6,2,14.9
TRUE,3/18/2015,16,17,GOLDEN STATE WARRIORS,HOME,ATL,WIN,1781,4,11,2,6,6,6,1,3,12,0,0,4,1,15.5
TRUE,3/20/2015,16,11,GOLDEN STATE WARRIORS,HOME,NOP,WIN,1622,4,17,2,10,6,6,0,2,11,0,0,3,0,11
TRUE,3/21/2015,24,12,GOLDEN STATE WARRIORS,HOME,UTA,WIN,1934,8,18,3,6,5,5,1,2,3,3,0,0,0,21
TRUE,3/23/2015,24,30,GOLDEN STATE WARRIORS,HOME,WSH,WIN,1696,8,14,5,8,3,3,1,4,6,2,0,2,1,23.1
TRUE,3/24/2015,33,12,GOLDEN STATE WARRIORS,AWAY,POR,WIN,2126,13,22,5,9,2,2,0,2,10,1,0,2,2,28.6
TRUE,3/27/2015,38,26,GOLDEN STATE WARRIORS,AWAY,MEM,WIN,2054,12,22,8,12,6,6,1,2,10,3,1,4,3,34.2
TRUE,3/28/2015,25,1,GOLDEN STATE WARRIORS,AWAY,MIL,WIN,1824,8,13,6,9,3,3,0,4,6,1,0,6,4,17.9
TRUE,3/31/2015,27,-1,GOLDEN STATE WARRIORS,AWAY,LAC,WIN,2171,8,15,4,6,7,7,1,0,4,1,0,3,3,20
TRUE,4/2/2015,28,-1,GOLDEN STATE WARRIORS,HOME,PHO,WIN,2012,10,22,6,11,2,2,1,7,5,0,0,6,3,15.7
TRUE,4/4/2015,11,11,GOLDEN STATE WARRIORS,AWAY,DAL,WIN,1647,4,12,1,4,2,3,2,2,3,1,0,1,1,7.5
TRUE,4/5/2015,24,-16,GOLDEN STATE WARRIORS,AWAY,SAS,LOSS,1803,9,17,5,10,1,2,0,4,6,1,0,4,2,16.9
TRUE,4/7/2015,25,4,GOLDEN STATE WARRIORS,AWAY,NOP,LOSS,2085,9,18,5,8,2,2,1,5,9,1,0,2,3,22.3
TRUE,4/9/2015,45,21,GOLDEN STATE WARRIORS,HOME,POR,WIN,2113,17,23,8,13,3,3,1,1,10,0,0,4,2,38.9
TRUE,4/11/2015,34,17,GOLDEN STATE WARRIORS,HOME,MIN,WIN,2126,11,21,5,11,7,8,0,4,7,4,0,3,1,30
TRUE,4/13/2015,15,24,GOLDEN STATE WARRIORS,HOME,MEM,WIN,1757,6,10,3,6,0,0,0,4,8,1,0,3,2,14.4
TRUE,4/15/2015,10,14,GOLDEN STATE WARRIORS,HOME,DEN,WIN,1160,4,10,2,4,0,0,2,2,7,5,0,2,1,14.1
TRUE,10/27/2015,40,12,GOLDEN STATE WARRIORS,HOME,NOP,WIN,2137,14,26,5,12,7,7,3,3,7,2,0,2,1,34.9
TRUE,10/30/2015,25,12,GOLDEN STATE WARRIORS,AWAY,HOU,WIN,1644,9,15,4,9,3,4,0,7,6,1,0,1,4,22.4
TRUE,10/31/2015,53,16,GOLDEN STATE WARRIORS,AWAY,NOP,WIN,2138,17,27,8,14,11,11,0,4,9,4,0,2,3,49.2
TRUE,11/2/2015,30,37,GOLDEN STATE WARRIORS,HOME,MEM,WIN,1704,10,16,4,8,6,6,1,2,3,3,1,3,2,26.1
TRUE,11/4/2015,31,7,GOLDEN STATE WARRIORS,HOME,LAC,WIN,1958,8,17,7,11,8,9,0,5,4,1,0,0,3,26
TRUE,11/6/2015,34,14,GOLDEN STATE WARRIORS,HOME,DEN,WIN,2079,12,22,8,16,2,3,0,7,10,3,1,4,1,31.4
TRUE,11/7/2015,24,6,GOLDEN STATE WARRIORS,AWAY,SAC,WIN,2348,8,18,2,10,6,7,1,5,3,2,0,6,1,14.1
TRUE,11/9/2015,22,12,GOLDEN STATE WARRIORS,HOME,DET,WIN,2210,7,18,3,7,5,6,1,4,5,3,0,5,1,14.8
TRUE,11/11/2015,28,16,GOLDEN STATE WARRIORS,AWAY,MEM,WIN,2070,9,21,3,10,7,7,0,5,5,5,1,4,1,23.2
TRUE,11/12/2015,46,21,GOLDEN STATE WARRIORS,AWAY,MIN,WIN,2262,15,25,8,13,8,8,0,5,4,2,0,3,3,36.6
TRUE,11/14/2015,34,3,GOLDEN STATE WARRIORS,HOME,BKN,WIN,2624,13,31,5,16,3,3,0,3,6,1,0,4,1,19.2
TRUE,11/17/2015,37,11,GOLDEN STATE WARRIORS,HOME,TOR,WIN,2375,13,23,5,10,6,7,0,2,9,2,0,7,1,27.2
TRUE,11/19/2015,40,12,GOLDEN STATE WARRIORS,AWAY,LAC,WIN,2206,11,22,6,14,12,12,0,11,4,3,0,7,2,30.3
TRUE,11/20/2015,27,11,GOLDEN STATE WARRIORS,HOME,CHI,WIN,2165,9,20,3,11,6,6,1,4,4,4,0,6,2,18.5
TRUE,11/22/2015,19,11,GOLDEN STATE WARRIORS,AWAY,DEN,WIN,1657,8,16,3,8,0,0,0,4,7,3,0,4,0,16.1
TRUE,11/24/2015,24,36,GOLDEN STATE WARRIORS,HOME,LAS,WIN,1810,10,21,4,12,0,0,0,4,9,2,0,0,1,22.4
TRUE,11/27/2015,41,27,GOLDEN STATE WARRIORS,AWAY,PHO,WIN,1839,11,20,9,16,10,11,1,5,8,2,0,6,2,34
TRUE,11/28/2015,19,19,GOLDEN STATE WARRIORS,HOME,SAC,WIN,1788,4,7,3,6,8,8,0,4,6,3,0,1,1,22.7
TRUE,11/30/2015,26,12,GOLDEN STATE WARRIORS,AWAY,UTA,WIN,2236,9,20,4,8,4,4,2,4,5,2,0,2,2,20.9
TRUE,12/2/2015,40,19,GOLDEN STATE WARRIORS,AWAY,CHA,WIN,1849,14,18,8,11,4,4,0,3,5,0,0,5,2,31.6
TRUE,12/5/2015,44,15,GOLDEN STATE WARRIORS,AWAY,TOR,WIN,2271,14,24,9,15,7,9,1,1,7,0,0,3,4,33.3
TRUE,12/6/2015,28,10,GOLDEN STATE WARRIORS,AWAY,BKN,WIN,1934,11,17,5,9,1,4,0,5,2,1,0,4,2,18.4
TRUE,12/8/2015,29,18,GOLDEN STATE WARRIORS,AWAY,IND,WIN,2139,11,23,3,10,4,6,0,7,10,3,0,4,1,24.2
TRUE,12/11/2015,38,15,GOLDEN STATE WARRIORS,AWAY,BOS,WIN,2815,9,27,6,13,14,14,3,8,8,2,0,8,4,25.2
TRUE,12/12/2015,28,0,GOLDEN STATE WARRIORS,AWAY,MIL,LOSS,2114,10,22,2,9,6,7,2,5,5,1,0,2,2,20.8
TRUE,12/16/2015,25,37,GOLDEN STATE WARRIORS,HOME,PHO,WIN,1775,10,14,2,5,3,5,0,2,7,1,0,3,4,20.3
TRUE,12/18/2015,26,13,GOLDEN STATE WARRIORS,HOME,MIL,WIN,2360,7,14,2,6,10,11,2,8,9,2,0,6,2,23.9
TRUE,12/23/2015,16,21,GOLDEN STATE WARRIORS,HOME,UTA,WIN,2053,5,14,2,8,4,4,1,4,9,3,0,3,2,15.6
TRUE,12/25/2015,19,15,GOLDEN STATE WARRIORS,HOME,CLE,WIN,2195,6,15,1,4,6,6,1,6,7,2,0,3,3,16.1
TRUE,12/28/2015,23,24,GOLDEN STATE WARRIORS,HOME,SAC,WIN,1822,7,16,6,13,3,4,0,14,10,2,0,2,3,24.2
TRUE,1/2/2016,5,12,GOLDEN STATE WARRIORS,HOME,DEN,WIN,863,2,6,1,5,0,0,0,1,4,2,0,2,1,4.3
TRUE,1/4/2016,30,1,GOLDEN STATE WARRIORS,HOME,CHA,WIN,1911,12,21,5,10,1,1,0,3,4,2,0,2,4,22.2
TRUE,1/5/2016,17,28,GOLDEN STATE WARRIORS,AWAY,LAS,WIN,1568,6,13,4,8,1,1,1,0,6,3,0,3,2,14.4
TRUE,1/8/2016,26,22,GOLDEN STATE WARRIORS,AWAY,POR,WIN,1730,8,18,4,11,6,6,0,3,9,1,0,1,2,23
TRUE,1/9/2016,38,16,GOLDEN STATE WARRIORS,AWAY,SAC,WIN,2274,12,21,8,14,6,7,1,5,11,1,1,4,3,34.1
TRUE,1/11/2016,31,-3,GOLDEN STATE WARRIORS,HOME,MIA,WIN,2254,11,27,4,11,5,6,0,2,6,1,0,1,2,20.1
TRUE,1/13/2016,38,-4,GOLDEN STATE WARRIORS,AWAY,DEN,LOSS,2388,13,25,5,12,7,7,2,3,9,3,1,8,1,29.6
TRUE,1/14/2016,26,14,GOLDEN STATE WARRIORS,HOME,LAS,WIN,1771,9,18,8,16,0,0,2,4,3,1,0,3,3,18.5
TRUE,1/16/2016,38,2,GOLDEN STATE WARRIORS,AWAY,DET,LOSS,2215,13,26,7,15,5,6,1,6,5,2,0,2,1,30.2
TRUE,1/18/2016,35,34,GOLDEN STATE WARRIORS,AWAY,CLE,WIN,1683,12,18,7,12,4,4,2,3,4,3,0,1,3,33.1
TRUE,1/20/2016,25,36,GOLDEN STATE WARRIORS,AWAY,CHI,WIN,2025,8,18,3,9,6,6,1,6,11,2,1,2,2,25.7
TRUE,1/22/2016,39,22,GOLDEN STATE WARRIORS,HOME,IND,WIN,2209,11,19,8,15,9,9,2,8,12,1,0,2,1,40.9
TRUE,1/25/2016,37,23,GOLDEN STATE WARRIORS,HOME,SAS,WIN,1701,12,20,6,9,7,7,1,1,3,5,0,1,0,34.9
TRUE,1/27/2016,14,26,GOLDEN STATE WARRIORS,HOME,DAL,WIN,1908,4,11,3,7,3,3,1,1,9,3,1,0,2,18.1
TRUE,1/30/2016,23,8,GOLDEN STATE WARRIORS,AWAY,PHI,WIN,2052,9,19,5,11,0,0,2,3,6,1,2,8,3,13
TRUE,1/31/2016,13,10,GOLDEN STATE WARRIORS,AWAY,NYK,WIN,1919,5,17,3,11,0,0,0,4,4,3,0,3,1,6.7
TRUE,2/3/2016,51,20,GOLDEN STATE WARRIORS,AWAY,WSH,WIN,2141,19,28,11,15,2,3,1,6,2,3,0,7,3,37.3
TRUE,2/6/2016,26,3,GOLDEN STATE WARRIORS,HOME,OKC,WIN,2262,10,26,1,9,5,5,1,5,10,3,0,3,2,20.2
TRUE,2/9/2016,35,3,GOLDEN STATE WARRIORS,HOME,HOU,WIN,2261,12,24,7,16,4,4,1,4,9,1,0,1,2,30.4
TRUE,2/10/2016,26,12,GOLDEN STATE WARRIORS,AWAY,PHO,WIN,1806,9,17,5,10,3,4,5,4,9,1,1,2,1,27.6
TRUE,2/19/2016,31,-18,GOLDEN STATE WARRIORS,AWAY,POR,LOSS,1578,12,23,7,13,0,0,2,1,5,2,0,3,4,22.3
TRUE,2/20/2016,23,4,GOLDEN STATE WARRIORS,AWAY,LAC,WIN,2130,5,15,3,8,10,12,0,3,9,3,0,3,2,20.1
TRUE,2/22/2016,36,13,GOLDEN STATE WARRIORS,AWAY,ATL,WIN,2148,14,22,5,11,3,3,1,5,8,3,0,2,2,34.2
TRUE,2/24/2016,42,7,GOLDEN STATE WARRIORS,AWAY,MIA,WIN,2135,14,29,6,12,8,8,3,4,7,1,1,7,0,30.2
TRUE,2/25/2016,51,11,GOLDEN STATE WARRIORS,AWAY,ORL,WIN,2042,20,27,10,15,1,1,0,7,8,0,1,5,1,43.1
TRUE,2/27/2016,46,6,GOLDEN STATE WARRIORS,AWAY,OKC,WIN,2261,14,24,12,16,6,8,0,3,6,2,0,3,1,37.7
TRUE,3/3/2016,33,6,GOLDEN STATE WARRIORS,HOME,OKC,WIN,2231,12,25,5,15,4,5,1,3,4,1,1,1,2,24.2
TRUE,3/6/2016,18,-8,GOLDEN STATE WARRIORS,AWAY,LAS,LOSS,2057,6,20,1,10,5,5,1,5,4,1,0,4,2,7.6
TRUE,3/7/2016,41,21,GOLDEN STATE WARRIORS,HOME,ORL,WIN,2240,14,24,7,13,6,6,1,12,3,4,0,5,3,34
TRUE,3/9/2016,12,12,GOLDEN STATE WARRIORS,HOME,UTA,WIN,1891,4,12,3,9,1,2,0,3,10,3,0,3,2,11.9
TRUE,3/11/2016,34,14,GOLDEN STATE WARRIORS,HOME,POR,WIN,1766,13,23,7,14,1,2,0,3,4,2,0,3,2,24.6
TRUE,3/12/2016,35,19,GOLDEN STATE WARRIORS,HOME,PHO,WIN,2099,12,24,7,16,4,4,1,2,6,0,0,1,4,25.9
TRUE,3/14/2016,27,27,GOLDEN STATE WARRIORS,HOME,NOP,WIN,1878,10,16,4,9,3,4,1,4,5,2,0,1,1,25.4
TRUE,3/16/2016,34,31,GOLDEN STATE WARRIORS,HOME,NYK,WIN,1701,12,20,8,13,2,2,0,6,4,0,0,2,2,26.6
TRUE,3/18/2016,31,8,GOLDEN STATE WARRIORS,AWAY,DAL,WIN,2059,12,26,6,12,1,1,1,8,10,2,0,1,2,27.9
TRUE,3/19/2016,14,-10,GOLDEN STATE WARRIORS,AWAY,SAS,LOSS,2256,4,18,1,12,5,5,2,4,6,2,0,2,0,9.8
TRUE,3/21/2016,19,0,GOLDEN STATE WARRIORS,AWAY,MIN,WIN,2090,6,17,2,9,5,6,3,4,11,3,1,5,4,17.2
TRUE,3/23/2016,33,4,GOLDEN STATE WARRIORS,HOME,LAC,WIN,2246,12,23,4,10,5,6,0,4,5,3,0,1,3,26.8
TRUE,3/25/2016,33,15,GOLDEN STATE WARRIORS,HOME,DAL,WIN,2111,9,18,5,12,10,11,0,8,8,4,0,3,0,32.6
TRUE,3/27/2016,20,4,GOLDEN STATE WARRIORS,HOME,PHI,WIN,1992,7,16,2,9,4,5,0,3,8,4,0,4,0,17.7
TRUE,3/29/2016,26,15,GOLDEN STATE WARRIORS,HOME,WSH,WIN,2082,9,20,6,8,2,2,0,7,7,5,0,5,3,21.4
TRUE,3/30/2016,31,6,GOLDEN STATE WARRIORS,AWAY,UTA,WIN,2536,11,23,5,10,4,5,2,5,4,2,0,5,4,20
TRUE,4/1/2016,29,-1,GOLDEN STATE WARRIORS,HOME,BOS,LOSS,2197,9,19,8,14,3,3,0,5,6,1,0,9,2,16.2
TRUE,4/3/2016,39,16,GOLDEN STATE WARRIORS,HOME,POR,WIN,2075,13,21,9,13,4,4,2,4,7,2,1,4,2,34.9
TRUE,4/5/2016,21,3,GOLDEN STATE WARRIORS,HOME,MIN,LOSS,2555,7,25,4,14,3,3,2,4,15,3,0,3,4,17.8
TRUE,4/7/2016,27,14,GOLDEN STATE WARRIORS,HOME,SAS,WIN,2177,11,19,3,7,2,2,0,5,9,2,0,3,2,24.1
TRUE,4/9/2016,17,10,GOLDEN STATE WARRIORS,AWAY,MEM,WIN,2039,7,22,3,14,0,0,0,9,8,1,0,2,1,11.3
TRUE,4/10/2016,37,7,GOLDEN STATE WARRIORS,AWAY,SAS,WIN,2122,13,22,4,9,7,7,0,5,5,2,0,4,4,28.2
TRUE,4/13/2016,46,19,GOLDEN STATE WARRIORS,HOME,MEM,WIN,1786,15,24,10,19,6,6,1,3,6,2,0,2,2,40.2
TRUE,10/25/2016,26,-9,GOLDEN STATE WARRIORS,HOME,SAS,LOSS,2046,9,18,3,10,5,6,0,3,4,0,0,4,1,15.9
TRUE,10/28/2016,23,4,GOLDEN STATE WARRIORS,AWAY,NOP,WIN,2044,8,19,4,10,3,4,1,0,8,1,0,4,3,14.6
TRUE,10/30/2016,28,0,GOLDEN STATE WARRIORS,AWAY,PHO,WIN,2053,9,17,5,8,5,5,0,1,3,0,0,1,5,19.1
TRUE,11/1/2016,28,24,GOLDEN STATE WARRIORS,AWAY,POR,WIN,1770,10,21,5,10,3,4,1,3,3,1,0,4,3,16.4
TRUE,11/3/2016,21,17,GOLDEN STATE WARRIORS,HOME,OKC,WIN,1803,6,14,2,6,7,8,0,1,7,2,1,1,1,19.7
TRUE,11/4/2016,13,-5,GOLDEN STATE WARRIORS,AWAY,LAS,LOSS,1866,5,17,0,10,3,3,0,8,10,2,1,2,3,12
TRUE,11/7/2016,46,7,GOLDEN STATE WARRIORS,HOME,NOP,WIN,2139,16,26,13,17,1,2,3,2,5,2,0,4,2,37.2
TRUE,11/9/2016,24,17,GOLDEN STATE WARRIORS,HOME,DAL,WIN,1850,8,12,4,8,4,4,0,3,6,1,0,5,1,19.5
TRUE,11/10/2016,33,27,GOLDEN STATE WARRIORS,AWAY,DEN,WIN,1796,10,17,7,13,6,6,1,4,6,1,0,4,1,27.8
TRUE,11/13/2016,30,22,GOLDEN STATE WARRIORS,HOME,PHO,WIN,2206,9,17,5,9,7,7,0,6,6,2,0,3,2,25.9
TRUE,11/16/2016,35,5,GOLDEN STATE WARRIORS,AWAY,TOR,WIN,2242,10,19,3,9,12,13,2,1,7,1,0,3,3,28.7
TRUE,11/18/2016,16,19,GOLDEN STATE WARRIORS,AWAY,BOS,WIN,2178,7,20,2,10,0,0,0,3,8,4,1,2,4,12.4
TRUE,11/19/2016,20,1,GOLDEN STATE WARRIORS,AWAY,MIL,WIN,2081,7,21,1,11,5,5,0,5,5,1,0,3,4,9.5
TRUE,11/21/2016,22,34,GOLDEN STATE WARRIORS,AWAY,IND,WIN,1770,6,11,2,6,8,8,2,4,6,1,0,1,1,23.1
TRUE,11/23/2016,31,32,GOLDEN STATE WARRIORS,HOME,LAS,WIN,1725,11,18,7,12,2,2,0,5,9,1,0,1,1,30.2
TRUE,11/25/2016,24,14,GOLDEN STATE WARRIORS,AWAY,LAS,WIN,2136,8,17,4,10,4,4,2,3,5,3,0,3,1,20.7
TRUE,11/26/2016,34,16,GOLDEN STATE WARRIORS,HOME,MIN,WIN,2230,13,19,4,8,4,4,1,7,6,1,0,6,4,26.3
TRUE,11/28/2016,25,6,GOLDEN STATE WARRIORS,HOME,ATL,WIN,2294,6,17,4,11,9,11,0,3,3,2,0,3,2,15.9
TRUE,12/1/2016,28,10,GOLDEN STATE WARRIORS,HOME,HOU,LOSS,2303,9,22,4,13,6,6,1,2,5,3,1,5,6,17.3
TRUE,12/3/2016,31,15,GOLDEN STATE WARRIORS,HOME,PHO,WIN,1790,10,15,5,7,6,6,0,2,1,1,0,3,2,23
TRUE,12/5/2016,13,24,GOLDEN STATE WARRIORS,HOME,IND,WIN,1749,4,10,2,7,3,4,0,4,11,2,1,0,4,17.2
TRUE,12/7/2016,19,18,GOLDEN STATE WARRIORS,AWAY,LAC,WIN,1997,7,16,0,8,5,5,0,4,6,7,0,3,3,18.8
TRUE,12/8/2016,26,10,GOLDEN STATE WARRIORS,AWAY,UTA,WIN,2134,7,16,3,9,9,9,0,5,2,2,0,3,2,18.7
TRUE,12/10/2016,17,-24,GOLDEN STATE WARRIORS,AWAY,MEM,LOSS,1835,4,14,3,11,6,6,2,6,3,0,0,4,3,8.9
TRUE,12/11/2016,22,-6,GOLDEN STATE WARRIORS,AWAY,MIN,WIN,1895,6,13,2,5,8,8,1,3,9,1,0,0,3,23
TRUE,12/13/2016,30,4,GOLDEN STATE WARRIORS,AWAY,NOP,WIN,2047,11,23,5,9,3,4,2,2,7,1,0,2,2,23
TRUE,12/15/2016,8,20,GOLDEN STATE WARRIORS,HOME,NYK,WIN,2029,3,14,2,8,0,0,1,9,8,1,0,3,0,6.4
TRUE,12/17/2016,19,21,GOLDEN STATE WARRIORS,HOME,POR,WIN,1634,6,11,5,8,2,2,0,3,6,0,0,3,3,14.6
TRUE,12/20/2016,25,27,GOLDEN STATE WARRIORS,HOME,UTA,WIN,1813,8,18,4,9,5,5,0,3,4,3,0,0,0,22.3
TRUE,12/22/2016,15,25,GOLDEN STATE WARRIORS,AWAY,BKN,WIN,1978,6,19,3,13,0,0,0,2,7,5,0,2,5,10.6
TRUE,12/23/2016,25,6,GOLDEN STATE WARRIORS,AWAY,DET,WIN,2100,7,16,5,10,6,6,0,3,8,2,0,5,1,19.7
TRUE,12/25/2016,15,-1,GOLDEN STATE WARRIORS,AWAY,CLE,LOSS,2240,4,11,2,7,5,6,0,3,3,3,0,3,4,9.9
TRUE,12/28/2016,28,27,GOLDEN STATE WARRIORS,HOME,TOR,WIN,2179,9,18,3,6,7,7,1,6,7,0,0,2,3,23.2
TRUE,12/30/2016,14,14,GOLDEN STATE WARRIORS,HOME,DAL,WIN,1808,5,12,3,6,1,1,0,4,5,1,0,1,2,11.5
TRUE,1/2/2017,22,7,GOLDEN STATE WARRIORS,HOME,DEN,WIN,2103,8,18,3,9,3,3,0,3,5,0,0,3,2,13.2
TRUE,1/4/2017,35,6,GOLDEN STATE WARRIORS,HOME,POR,WIN,2154,12,25,5,13,6,8,1,6,5,1,0,5,1,23.1
TRUE,1/6/2017,40,-10,GOLDEN STATE WARRIORS,HOME,MEM,LOSS,2533,15,27,5,13,5,5,0,3,6,1,1,4,2,29.1
TRUE,1/8/2017,30,14,GOLDEN STATE WARRIORS,AWAY,SAC,WIN,2226,11,22,5,11,3,3,2,2,6,2,0,4,3,22
TRUE,1/10/2017,24,18,GOLDEN STATE WARRIORS,HOME,MIA,WIN,2143,8,21,4,11,4,5,1,7,9,1,1,3,0,19.9
TRUE,1/12/2017,24,32,GOLDEN STATE WARRIORS,HOME,DET,WIN,1791,9,17,3,9,3,3,0,2,7,5,0,8,0,18.2
TRUE,1/16/2017,20,23,GOLDEN STATE WARRIORS,HOME,CLE,WIN,1855,7,20,5,12,1,2,0,2,11,4,0,3,2,16.9
TRUE,1/18/2017,24,19,GOLDEN STATE WARRIORS,HOME,OKC,WIN,2051,9,19,2,6,4,4,0,4,8,3,0,3,0,21.1
TRUE,1/20/2017,24,15,GOLDEN STATE WARRIORS,AWAY,HOU,WIN,1977,8,18,5,11,3,5,0,1,7,1,0,1,1,18.6
TRUE,1/22/2017,27,32,GOLDEN STATE WARRIORS,AWAY,ORL,WIN,1773,8,15,7,13,4,4,1,3,6,0,0,3,2,21.7
TRUE,1/23/2017,21,1,GOLDEN STATE WARRIORS,AWAY,MIA,LOSS,2191,7,19,3,9,4,5,0,9,8,0,1,4,2,14.3
TRUE,1/25/2017,28,0,GOLDEN STATE WARRIORS,AWAY,CHA,WIN,2176,11,23,6,12,0,0,0,2,7,1,1,4,2,18.7
TRUE,1/28/2017,43,42,GOLDEN STATE WARRIORS,HOME,LAC,WIN,1737,15,23,9,15,4,4,0,9,6,0,0,2,1,37.4
TRUE,2/1/2017,39,25,GOLDEN STATE WARRIORS,HOME,CHA,WIN,1816,14,20,11,15,0,0,1,4,8,3,0,1,2,39.3
TRUE,2/2/2017,29,13,GOLDEN STATE WARRIORS,AWAY,LAC,WIN,2246,11,23,3,10,4,4,1,2,11,3,0,4,1,24.9
TRUE,2/4/2017,35,4,GOLDEN STATE WARRIORS,AWAY,SAC,LOSS,2505,11,20,8,14,5,6,0,4,9,3,0,3,2,31.7
TRUE,2/8/2017,13,20,GOLDEN STATE WARRIORS,HOME,CHI,WIN,1692,5,11,1,4,2,2,0,1,6,1,0,2,4,9.2
TRUE,2/10/2017,18,15,GOLDEN STATE WARRIORS,AWAY,MEM,WIN,2091,6,13,2,6,4,5,0,4,5,0,0,3,3,11.4
TRUE,2/11/2017,26,16,GOLDEN STATE WARRIORS,AWAY,OKC,WIN,2034,9,19,4,11,4,4,3,5,9,2,0,0,2,27.4
TRUE,2/13/2017,11,-24,GOLDEN STATE WARRIORS,AWAY,DEN,LOSS,1602,4,18,1,11,2,2,1,1,5,1,0,1,1,4.1
TRUE,2/15/2017,13,23,GOLDEN STATE WARRIORS,HOME,SAC,WIN,1803,4,14,2,8,3,4,0,6,9,0,2,3,2,10.1
TRUE,2/23/2017,35,26,GOLDEN STATE WARRIORS,HOME,LAC,WIN,1931,10,16,6,10,9,10,1,6,5,4,0,4,5,31.4
TRUE,2/25/2017,27,17,GOLDEN STATE WARRIORS,HOME,BKN,WIN,2095,9,21,5,10,4,4,1,4,5,3,0,4,2,19.5
TRUE,2/27/2017,19,8,GOLDEN STATE WARRIORS,AWAY,PHI,WIN,2088,7,23,0,11,5,5,2,2,6,2,0,4,2,9.1
TRUE,2/28/2017,25,-5,GOLDEN STATE WARRIORS,AWAY,WSH,LOSS,2054,9,20,2,9,5,6,4,3,4,2,0,5,3,16.5
TRUE,3/2/2017,23,-4,GOLDEN STATE WARRIORS,AWAY,CHI,LOSS,2128,10,27,2,11,1,1,1,5,5,5,0,4,4,13.2
TRUE,3/5/2017,31,22,GOLDEN STATE WARRIORS,AWAY,NYK,WIN,2211,11,24,5,13,4,6,2,6,6,2,0,2,2,24.4
TRUE,3/6/2017,24,5,GOLDEN STATE WARRIORS,AWAY,ATL,WIN,2071,8,20,6,15,2,3,1,3,9,0,0,2,4,17.1
TRUE,3/8/2017,23,-3,GOLDEN STATE WARRIORS,HOME,BOS,LOSS,2108,8,16,2,9,5,5,3,2,6,0,1,4,4,17
TRUE,3/10/2017,26,-5,GOLDEN STATE WARRIORS,AWAY,MIN,LOSS,2118,10,27,1,8,5,5,3,3,7,1,0,6,4,12.4
TRUE,3/14/2017,29,3,GOLDEN STATE WARRIORS,HOME,PHI,WIN,2245,8,23,5,13,8,8,2,4,5,3,0,5,3,19
TRUE,3/16/2017,25,24,GOLDEN STATE WARRIORS,HOME,ORL,WIN,1687,8,15,2,7,7,7,0,1,9,3,0,2,1,24.9
TRUE,3/18/2017,28,18,GOLDEN STATE WARRIORS,HOME,MIL,WIN,1817,9,13,6,8,4,4,0,4,4,1,1,3,3,24
TRUE,3/20/2017,23,16,GOLDEN STATE WARRIORS,AWAY,OKC,WIN,1793,8,17,7,12,0,0,0,4,6,0,0,5,3,13.5
TRUE,3/21/2017,17,14,GOLDEN STATE WARRIORS,AWAY,DAL,WIN,1785,7,14,3,9,0,0,1,4,9,2,0,0,1,19.8
TRUE,3/24/2017,27,28,GOLDEN STATE WARRIORS,HOME,SAC,WIN,1994,9,18,5,11,4,4,1,6,12,6,0,3,0,31.9
TRUE,3/26/2017,21,8,GOLDEN STATE WARRIORS,HOME,MEM,WIN,2179,8,18,5,12,0,0,0,1,11,4,0,5,1,18.2
TRUE,3/28/2017,32,9,GOLDEN STATE WARRIORS,AWAY,HOU,WIN,2005,11,22,3,11,7,10,2,8,7,2,0,6,5,22.5
TRUE,3/29/2017,29,6,GOLDEN STATE WARRIORS,AWAY,SAS,WIN,2108,9,20,4,8,7,7,1,3,11,1,0,2,5,24.9
TRUE,3/31/2017,24,14,GOLDEN STATE WARRIORS,HOME,HOU,WIN,2086,8,18,4,9,4,5,3,4,5,2,0,2,4,19.4
TRUE,4/2/2017,42,26,GOLDEN STATE WARRIORS,HOME,WSH,WIN,2133,15,22,9,14,3,3,0,1,8,1,0,1,3,37.3
TRUE,4/4/2017,19,13,GOLDEN STATE WARRIORS,HOME,MIN,WIN,1793,7,18,3,8,2,4,0,3,9,3,2,3,2,16.2
TRUE,4/5/2017,42,25,GOLDEN STATE WARRIORS,AWAY,PHO,WIN,2111,15,25,8,12,4,7,0,4,11,2,2,3,0,38.6
TRUE,4/10/2017,28,9,GOLDEN STATE WARRIORS,HOME,UTA,LOSS,1797,9,16,6,8,4,5,1,3,4,1,0,1,1,24
TRUE,4/12/2017,20,27,GOLDEN STATE WARRIORS,HOME,LAS,WIN,1707,6,17,5,14,3,4,0,5,8,2,0,6,1,12.8
TRUE,10/17/2017,22,9,GOLDEN STATE WARRIORS,HOME,HOU,LOSS,1773,8,18,3,9,3,3,0,5,4,1,0,2,4,14.3
TRUE,10/20/2017,28,7,GOLDEN STATE WARRIORS,AWAY,NOP,WIN,2107,7,16,4,11,10,10,0,3,8,0,0,1,1,24.7
TRUE,10/21/2017,37,-6,GOLDEN STATE WARRIORS,AWAY,MEM,LOSS,1805,9,17,6,11,13,13,0,6,3,0,0,2,5,28.6
TRUE,10/23/2017,29,22,GOLDEN STATE WARRIORS,AWAY,DAL,WIN,1869,7,15,2,10,13,13,2,0,8,4,0,6,1,25.9
TRUE,10/25/2017,30,14,GOLDEN STATE WARRIORS,HOME,TOR,WIN,2251,9,20,4,11,8,8,0,4,5,3,1,2,2,25.2
TRUE,10/27/2017,20,-8,GOLDEN STATE WARRIORS,HOME,WSH,WIN,2172,7,19,3,13,3,3,0,5,8,2,0,2,2,15.8
TRUE,10/29/2017,27,12,GOLDEN STATE WARRIORS,HOME,DET,LOSS,2126,11,17,3,7,2,3,1,5,8,1,0,5,3,21.7
TRUE,10/30/2017,31,21,GOLDEN STATE WARRIORS,AWAY,LAC,WIN,1794,9,14,7,11,6,8,2,3,6,2,1,1,3,31
TRUE,11/2/2017,21,16,GOLDEN STATE WARRIORS,AWAY,SAS,WIN,1911,7,13,3,4,4,4,1,7,5,3,0,2,2,21.2
TRUE,11/4/2017,22,44,GOLDEN STATE WARRIORS,AWAY,DEN,WIN,1778,7,14,5,10,3,4,0,0,11,2,0,3,0,21.3
TRUE,11/6/2017,16,25,GOLDEN STATE WARRIORS,HOME,MIA,WIN,2033,5,19,2,9,4,5,0,5,4,2,0,1,3,8.4
TRUE,11/8/2017,22,16,GOLDEN STATE WARRIORS,HOME,MIN,WIN,1788,7,16,2,7,6,6,0,8,8,2,1,5,2,18.5
TRUE,11/11/2017,22,29,GOLDEN STATE WARRIORS,HOME,PHI,WIN,1794,5,12,3,8,9,9,0,4,9,1,0,2,0,22.1
TRUE,11/16/2017,9,-14,GOLDEN STATE WARRIORS,AWAY,BOS,LOSS,1864,3,14,2,9,1,2,2,4,5,4,0,4,5,4.1
TRUE,11/18/2017,35,3,GOLDEN STATE WARRIORS,AWAY,PHI,WIN,2079,11,22,4,9,9,9,0,5,5,0,1,2,1,27.3
TRUE,11/19/2017,39,4,GOLDEN STATE WARRIORS,AWAY,BKN,WIN,1959,14,24,4,10,7,8,3,8,7,3,0,7,6,30.4
TRUE,11/22/2017,24,-17,GOLDEN STATE WARRIORS,AWAY,OKC,LOSS,1849,9,18,3,8,3,3,1,4,6,1,0,6,1,15.7
TRUE,11/24/2017,33,39,GOLDEN STATE WARRIORS,HOME,CHI,WIN,1611,10,18,4,11,9,9,0,7,4,2,0,2,2,28.5
TRUE,11/25/2017,27,5,GOLDEN STATE WARRIORS,HOME,NOP,WIN,2188,9,25,3,13,6,6,0,4,6,1,0,1,2,17.7
TRUE,11/29/2017,28,4,GOLDEN STATE WARRIORS,AWAY,LAS,WIN,2364,9,20,3,9,7,8,0,5,7,0,0,5,4,17
TRUE,12/1/2017,23,19,GOLDEN STATE WARRIORS,AWAY,ORL,WIN,1983,9,20,3,8,2,2,1,5,10,3,0,4,2,20
TRUE,12/3/2017,30,20,GOLDEN STATE WARRIORS,AWAY,MIA,WIN,1819,11,16,5,9,3,4,0,2,3,2,0,0,1,27.1
TRUE,12/4/2017,31,-1,GOLDEN STATE WARRIORS,AWAY,NOP,WIN,2067,9,19,5,11,8,9,2,3,11,1,0,2,5,27.9
TRUE,12/30/2017,38,21,GOLDEN STATE WARRIORS,HOME,MEM,WIN,1536,13,17,10,13,2,2,0,4,3,0,0,0,2,33.8
TRUE,1/3/2018,32,7,GOLDEN STATE WARRIORS,AWAY,DAL,WIN,2069,11,19,6,13,4,5,0,5,8,1,0,3,1,27.4
TRUE,1/4/2018,29,3,GOLDEN STATE WARRIORS,AWAY,HOU,WIN,2211,10,20,4,10,5,6,0,9,5,1,0,3,3,21.6
TRUE,1/6/2018,45,28,GOLDEN STATE WARRIORS,AWAY,LAC,WIN,1791,11,21,8,16,15,16,2,4,3,3,0,2,2,39.2
TRUE,1/8/2018,32,3,GOLDEN STATE WARRIORS,HOME,DEN,WIN,2090,9,17,5,10,9,10,1,3,9,2,0,6,3,26
TRUE,1/13/2018,24,-5,GOLDEN STATE WARRIORS,AWAY,TOR,WIN,2068,6,12,2,7,10,12,0,6,9,1,0,1,3,24.1
TRUE,1/15/2018,23,13,GOLDEN STATE WARRIORS,AWAY,CLE,WIN,2004,8,15,4,8,3,4,1,3,8,2,0,3,3,20.3
TRUE,1/17/2018,30,21,GOLDEN STATE WARRIORS,AWAY,CHI,WIN,2095,10,18,6,11,4,4,0,9,4,1,0,6,2,21.1
TRUE,1/20/2018,19,-11,GOLDEN STATE WARRIORS,AWAY,HOU,LOSS,2171,6,20,5,15,2,4,0,1,8,2,0,6,2,7.7
TRUE,1/23/2018,32,4,GOLDEN STATE WARRIORS,HOME,NYK,WIN,1996,9,19,8,15,6,6,0,6,7,0,0,1,2,27.2
TRUE,1/25/2018,25,20,GOLDEN STATE WARRIORS,HOME,MIN,WIN,2246,9,14,5,9,2,3,2,3,9,3,0,2,2,27.2
TRUE,1/27/2018,49,6,GOLDEN STATE WARRIORS,HOME,BOS,WIN,2208,16,24,8,13,9,10,0,4,5,2,0,1,2,43.1
TRUE,1/30/2018,14,-17,GOLDEN STATE WARRIORS,AWAY,UTA,LOSS,1778,4,13,1,7,5,5,1,1,5,0,0,3,1,7.6
TRUE,2/2/2018,23,14,GOLDEN STATE WARRIORS,AWAY,SAC,WIN,2135,7,17,3,10,6,6,1,4,6,2,0,6,3,14.8
TRUE,2/3/2018,24,4,GOLDEN STATE WARRIORS,AWAY,DEN,LOSS,2137,8,16,5,12,3,4,1,5,4,2,0,5,2,16.8
TRUE,2/6/2018,21,-12,GOLDEN STATE WARRIORS,HOME,OKC,LOSS,1909,6,14,2,9,7,7,1,4,5,1,1,3,3,16.5
TRUE,2/8/2018,20,3,GOLDEN STATE WARRIORS,HOME,DAL,WIN,1781,7,12,4,9,2,2,2,5,8,0,0,4,1,18.5
TRUE,2/10/2018,17,6,GOLDEN STATE WARRIORS,HOME,SAS,WIN,1732,7,13,3,7,0,0,1,3,8,2,0,2,0,17.9
TRUE,2/12/2018,22,21,GOLDEN STATE WARRIORS,HOME,PHO,WIN,1793,8,17,3,9,3,3,2,7,7,0,1,3,3,18.2
TRUE,2/14/2018,17,-7,GOLDEN STATE WARRIORS,AWAY,POR,LOSS,2066,6,17,3,10,2,2,2,2,6,3,0,7,4,8.1
TRUE,2/22/2018,44,8,GOLDEN STATE WARRIORS,HOME,LAC,WIN,2228,14,19,8,11,8,8,1,5,10,2,0,4,4,41.9
TRUE,2/24/2018,21,24,GOLDEN STATE WARRIORS,HOME,OKC,WIN,1789,8,19,5,12,0,0,1,8,6,3,0,2,2,18.4
TRUE,2/26/2018,21,25,GOLDEN STATE WARRIORS,AWAY,NYK,WIN,1817,8,16,4,9,1,1,0,5,5,0,0,3,1,14.6
TRUE,2/28/2018,25,20,GOLDEN STATE WARRIORS,AWAY,WSH,WIN,2107,5,15,4,9,11,12,0,5,3,2,0,6,3,14.5
TRUE,3/2/2018,28,2,GOLDEN STATE WARRIORS,AWAY,ATL,WIN,1409,8,15,4,9,8,8,0,1,3,2,0,0,0,25.1
TRUE,3/6/2018,34,11,GOLDEN STATE WARRIORS,HOME,BKN,WIN,2036,12,20,6,12,4,5,1,5,4,3,1,3,2,29.3
TRUE,3/8/2018,2,-1,GOLDEN STATE WARRIORS,HOME,SAS,WIN,143,0,1,0,0,2,2,0,0,0,0,0,0,0,1.3
TRUE,3/23/2018,29,9,GOLDEN STATE WARRIORS,HOME,ATL,WIN,1522,10,18,3,8,6,6,1,6,1,0,1,1,1,22.9
TRUE,10/16/2018,32,15,GOLDEN STATE WARRIORS,HOME,OKC,WIN,2197,11,20,5,9,5,5,0,8,9,1,0,3,4,27.5
TRUE,10/19/2018,31,-3,GOLDEN STATE WARRIORS,AWAY,UTA,WIN,2227,13,24,5,9,0,1,1,3,8,2,0,4,2,23.4
TRUE,10/21/2018,30,3,GOLDEN STATE WARRIORS,AWAY,DEN,LOSS,2353,10,23,6,16,4,4,0,4,6,0,0,2,4,19.7
TRUE,10/22/2018,29,18,GOLDEN STATE WARRIORS,HOME,PHO,WIN,1780,11,18,6,13,1,2,0,4,8,2,0,3,0,26.2
TRUE,10/24/2018,51,19,GOLDEN STATE WARRIORS,HOME,WSH,WIN,1895,15,24,11,16,10,10,0,4,3,0,1,2,1,41.8
TRUE,10/26/2018,29,3,GOLDEN STATE WARRIORS,AWAY,NYK,WIN,2004,10,18,6,11,3,3,1,3,2,1,0,3,2,20.6
TRUE,10/28/2018,35,11,GOLDEN STATE WARRIORS,AWAY,BKN,WIN,2176,11,26,7,15,6,7,1,6,3,1,0,2,1,24
TRUE,10/29/2018,23,27,GOLDEN STATE WARRIORS,AWAY,CHI,WIN,1490,7,9,2,4,7,7,0,8,5,2,0,1,3,25.2
TRUE,10/31/2018,37,19,GOLDEN STATE WARRIORS,HOME,NOP,WIN,2213,12,20,7,11,6,7,0,2,9,2,0,5,3,30.1
TRUE,11/2/2018,28,6,GOLDEN STATE WARRIORS,HOME,MIN,WIN,2128,11,24,4,12,2,2,1,8,7,0,2,4,3,19.8
TRUE,11/5/2018,19,26,GOLDEN STATE WARRIORS,HOME,MEM,WIN,1924,6,17,3,6,4,4,2,3,7,1,1,5,1,13
TRUE,11/8/2018,10,-24,GOLDEN STATE WARRIORS,HOME,MIL,LOSS,1566,5,14,0,4,0,0,0,1,6,0,0,2,4,3.1
TRUE,12/1/2018,27,-8,GOLDEN STATE WARRIORS,AWAY,DET,LOSS,2190,10,21,3,9,4,4,0,5,3,2,0,7,4,13.3
TRUE,12/3/2018,30,22,GOLDEN STATE WARRIORS,AWAY,ATL,WIN,1746,10,17,6,10,4,4,0,3,2,1,1,3,4,21.5
TRUE,12/5/2018,42,22,GOLDEN STATE WARRIORS,AWAY,CLE,WIN,2027,11,20,9,14,11,12,0,9,7,1,0,2,1,38.2
TRUE,12/7/2018,20,9,GOLDEN STATE WARRIORS,AWAY,MIL,WIN,2137,7,17,4,9,2,2,0,4,8,1,0,3,3,14.5
TRUE,12/10/2018,38,9,GOLDEN STATE WARRIORS,HOME,MIN,WIN,2145,12,23,7,14,7,7,1,6,6,2,1,2,1,33.7
TRUE,12/12/2018,10,-16,GOLDEN STATE WARRIORS,HOME,TOR,LOSS,1952,3,12,2,8,2,2,1,2,3,1,0,4,1,2.8
TRUE,12/14/2018,35,18,GOLDEN STATE WARRIORS,AWAY,SAC,WIN,2160,11,23,5,14,8,8,1,6,6,3,0,1,2,31.2
TRUE,12/17/2018,20,19,GOLDEN STATE WARRIORS,HOME,MEM,WIN,2102,6,16,3,9,5,5,0,7,1,2,0,3,3,11.8
TRUE,12/19/2018,32,-6,GOLDEN STATE WARRIORS,AWAY,UTA,LOSS,2220,12,21,5,9,3,3,1,2,3,3,1,4,4,23.6
TRUE,12/22/2018,22,-3,GOLDEN STATE WARRIORS,HOME,DAL,WIN,2369,7,22,6,17,2,3,2,3,5,2,0,3,5,11.8
TRUE,12/23/2018,42,8,GOLDEN STATE WARRIORS,HOME,LAC,WIN,2139,12,22,6,15,12,13,3,3,2,1,0,0,4,34.8
TRUE,12/25/2018,15,-9,GOLDEN STATE WARRIORS,HOME,LAS,LOSS,2208,5,17,2,8,3,3,0,2,5,1,0,1,5,7.2
TRUE,12/27/2018,29,-3,GOLDEN STATE WARRIORS,HOME,POR,LOSS,2498,11,26,6,15,1,3,1,4,7,2,2,7,1,17.2
TRUE,12/29/2018,25,10,GOLDEN STATE WARRIORS,AWAY,POR,WIN,2171,6,15,2,8,11,14,1,4,8,2,1,2,1,23.5
TRUE,12/31/2018,34,15,GOLDEN STATE WARRIORS,AWAY,PHO,WIN,1913,11,17,5,9,7,7,1,8,4,1,0,3,2,29.6
TRUE,1/3/2019,35,3,GOLDEN STATE WARRIORS,HOME,HOU,LOSS,2413,14,27,5,15,2,3,0,3,6,0,0,5,4,19.8
TRUE,1/5/2019,42,12,GOLDEN STATE WARRIORS,AWAY,SAC,WIN,2309,14,26,10,20,4,4,0,5,2,2,0,6,2,27.5
TRUE,1/8/2019,14,36,GOLDEN STATE WARRIORS,HOME,NYK,WIN,1918,5,19,3,12,1,1,1,6,14,1,0,1,3,13.8
TRUE,1/11/2019,28,39,GOLDEN STATE WARRIORS,HOME,CHI,WIN,1632,10,16,5,11,3,3,2,3,8,0,0,4,0,24.7
TRUE,1/13/2019,48,9,GOLDEN STATE WARRIORS,AWAY,DAL,WIN,2211,17,32,11,19,3,3,3,3,5,1,2,0,5,39.3
TRUE,1/15/2019,31,25,GOLDEN STATE WARRIORS,AWAY,DEN,WIN,1782,10,18,8,13,3,3,1,5,4,0,0,3,2,23.6
TRUE,1/16/2019,41,20,GOLDEN STATE WARRIORS,HOME,NOP,WIN,2108,11,22,9,17,10,10,1,4,3,1,0,2,3,31.8
TRUE,1/18/2019,28,9,GOLDEN STATE WARRIORS,AWAY,LAC,WIN,1983,10,19,3,11,5,5,0,5,4,1,1,1,2,22.9
TRUE,1/21/2019,11,27,GOLDEN STATE WARRIORS,AWAY,LAS,WIN,1808,3,12,2,10,3,3,1,4,12,1,0,0,3,13.9
TRUE,1/24/2019,38,13,GOLDEN STATE WARRIORS,AWAY,WSH,WIN,2128,14,24,2,8,8,8,0,4,3,0,1,3,2,27
TRUE,1/26/2019,24,4,GOLDEN STATE WARRIORS,AWAY,BOS,WIN,2284,7,15,6,12,4,4,0,3,3,0,0,1,2,17.5
TRUE,1/28/2019,26,10,GOLDEN STATE WARRIORS,AWAY,IND,WIN,1609,10,13,6,8,0,0,1,5,3,2,0,3,4,22.6
TRUE,1/31/2019,41,-6,GOLDEN STATE WARRIORS,HOME,PHI,LOSS,2292,14,27,10,18,3,4,1,3,6,1,0,6,1,27.7
TRUE,2/2/2019,14,13,GOLDEN STATE WARRIORS,HOME,LAS,WIN,1971,5,15,2,9,2,3,0,4,2,0,0,2,2,4.9
TRUE,2/6/2019,19,26,GOLDEN STATE WARRIORS,HOME,SAS,WIN,1716,7,12,3,5,2,3,1,4,7,2,1,3,2,18.7
TRUE,2/8/2019,20,13,GOLDEN STATE WARRIORS,AWAY,PHO,WIN,2133,6,17,3,11,5,6,0,7,7,1,1,2,5,14.8
TRUE,2/10/2019,25,-9,GOLDEN STATE WARRIORS,HOME,MIA,WIN,2185,9,18,5,10,2,2,1,3,2,2,0,2,2,18.2
TRUE,2/12/2019,24,5,GOLDEN STATE WARRIORS,HOME,UTA,WIN,2170,8,19,5,14,3,3,0,5,4,4,2,2,3,20.4
TRUE,2/13/2019,32,-10,GOLDEN STATE WARRIORS,AWAY,POR,LOSS,1957,10,24,5,14,7,7,1,6,2,0,0,1,2,21.3
TRUE,2/21/2019,36,6,GOLDEN STATE WARRIORS,HOME,SAC,WIN,2174,12,23,10,16,2,2,0,6,7,2,0,3,1,30
TRUE,2/23/2019,25,-1,GOLDEN STATE WARRIORS,HOME,HOU,LOSS,2142,9,18,5,11,2,2,0,9,7,1,1,3,3,21.1
TRUE,2/25/2019,16,-4,GOLDEN STATE WARRIORS,AWAY,CHA,WIN,2103,5,18,4,14,2,3,0,5,6,4,0,4,1,10.3
TRUE,2/27/2019,24,5,GOLDEN STATE WARRIORS,AWAY,MIA,LOSS,2063,9,20,4,14,2,3,1,5,4,0,0,3,1,14.8
TRUE,2/28/2019,33,1,GOLDEN STATE WARRIORS,AWAY,ORL,LOSS,2243,12,33,5,17,4,4,1,7,6,0,0,3,1,18.3
TRUE,3/2/2019,28,2,GOLDEN STATE WARRIORS,AWAY,PHI,WIN,2156,10,23,5,15,3,3,1,3,2,4,0,2,4,19.3
TRUE,3/5/2019,23,-21,GOLDEN STATE WARRIORS,HOME,BOS,LOSS,1851,8,16,4,10,3,3,0,3,4,1,0,4,3,14.5
TRUE,3/8/2019,17,20,GOLDEN STATE WARRIORS,HOME,DEN,WIN,2061,6,16,4,10,1,2,0,7,4,0,0,7,4,4.1
TRUE,3/10/2019,18,7,GOLDEN STATE WARRIORS,HOME,PHO,LOSS,2095,6,20,4,15,2,2,0,7,8,3,1,3,4,13.2
TRUE,3/13/2019,24,-3,GOLDEN STATE WARRIORS,AWAY,HOU,WIN,2121,8,20,3,9,5,5,2,2,5,2,0,1,2,18.9
TRUE,3/16/2019,33,19,GOLDEN STATE WARRIORS,AWAY,OKC,WIN,1986,10,23,5,12,8,10,1,6,3,2,0,4,1,22.3
TRUE,3/18/2019,25,3,GOLDEN STATE WARRIORS,AWAY,SAS,LOSS,2235,9,25,6,18,1,1,1,6,8,3,1,2,3,19.7
TRUE,3/19/2019,36,15,GOLDEN STATE WARRIORS,AWAY,MIN,WIN,1955,12,21,8,14,4,5,1,2,5,2,0,2,1,30.1
TRUE,3/21/2019,15,24,GOLDEN STATE WARRIORS,HOME,IND,WIN,1768,5,15,5,12,0,0,1,3,7,1,0,3,3,9.8
TRUE,3/24/2019,26,14,GOLDEN STATE WARRIORS,HOME,DET,WIN,2126,9,19,5,10,3,3,2,7,3,1,0,4,2,18.1
TRUE,3/27/2019,28,17,GOLDEN STATE WARRIORS,AWAY,MEM,WIN,2003,7,20,6,12,8,9,0,10,7,1,1,1,3,23.8
TRUE,3/29/2019,37,5,GOLDEN STATE WARRIORS,AWAY,MIN,LOSS,2515,13,25,11,19,0,0,0,3,5,2,0,2,2,28.3
TRUE,3/31/2019,25,37,GOLDEN STATE WARRIORS,HOME,CHA,WIN,1648,8,14,5,8,4,4,0,5,6,2,1,1,0,25.8
TRUE,4/2/2019,17,25,GOLDEN STATE WARRIORS,HOME,DEN,WIN,1814,6,11,5,10,0,0,0,4,5,3,0,4,4,13.8
TRUE,4/4/2019,7,32,GOLDEN STATE WARRIORS,AWAY,LAS,WIN,1769,3,14,1,9,0,0,1,9,7,1,0,2,1,5.3
TRUE,4/5/2019,40,5,GOLDEN STATE WARRIORS,HOME,CLE,WIN,2166,12,21,9,12,7,7,1,5,7,0,1,4,1,33.5
TRUE,4/7/2019,27,35,GOLDEN STATE WARRIORS,HOME,LAC,WIN,1775,11,20,3,10,2,2,0,5,4,1,1,0,3,22.2
TRUE,4/9/2019,5,1,GOLDEN STATE WARRIORS,AWAY,NOP,WIN,565,2,4,1,2,0,0,0,1,1,0,0,2,0,2
TRUE,10/24/2019,23,-19,GOLDEN STATE WARRIORS,HOME,LAC,LOSS,1788,8,20,2,11,5,5,1,3,4,1,0,8,3,8.4
TRUE,10/27/2019,23,-30,GOLDEN STATE WARRIORS,AWAY,OKC,LOSS,1808,7,18,2,9,7,7,2,6,5,0,0,2,0,17.9
TRUE,10/28/2019,26,32,GOLDEN STATE WARRIORS,AWAY,NOP,WIN,1860,9,17,4,10,4,4,1,2,11,3,0,1,5,26.7
TRUE,10/30/2019,9,-13,GOLDEN STATE WARRIORS,HOME,PHO,LOSS,1269,3,11,1,7,2,2,0,5,6,1,2,4,2,5.8
TRUE,3/5/2020,23,-13,GOLDEN STATE WARRIORS,HOME,TOR,LOSS,1634,6,16,3,12,8,8,0,6,7,0,0,1,1,19.5
TRUE,12/22/2020,20,-23,GOLDEN STATE WARRIORS,AWAY,BKN,LOSS,1819,7,21,2,10,4,4,3,1,10,2,0,3,1,16.1
TRUE,12/25/2020,19,-24,GOLDEN STATE WARRIORS,AWAY,MIL,LOSS,1738,6,17,2,10,5,5,0,4,6,1,0,2,2,13.1
TRUE,12/27/2020,36,3,GOLDEN STATE WARRIORS,AWAY,CHI,WIN,2186,11,25,5,15,9,9,0,2,6,2,2,4,1,26.7
TRUE,12/29/2020,31,3,GOLDEN STATE WARRIORS,AWAY,DET,WIN,2090,9,17,5,9,8,8,0,5,6,2,0,8,5,20.4
TRUE,1/1/2021,26,-27,GOLDEN STATE WARRIORS,HOME,POR,LOSS,2018,9,20,4,12,4,4,0,8,5,0,0,1,1,20.1
TRUE,1/3/2021,62,20,GOLDEN STATE WARRIORS,HOME,POR,WIN,2187,18,31,8,16,18,19,1,4,4,0,0,5,0,46.8
TRUE,1/4/2021,30,26,GOLDEN STATE WARRIORS,HOME,SAC,WIN,1834,9,18,5,12,7,7,0,9,8,0,0,2,3,26.1
TRUE,1/6/2021,13,-10,GOLDEN STATE WARRIORS,HOME,LAC,LOSS,2099,5,17,1,6,2,4,1,3,5,1,0,0,3,7.2
TRUE,1/8/2021,38,13,GOLDEN STATE WARRIORS,HOME,LAC,WIN,2175,13,24,9,14,3,3,0,2,11,3,0,2,3,34.5
TRUE,1/10/2021,11,7,GOLDEN STATE WARRIORS,HOME,TOR,WIN,2292,2,16,1,10,6,6,3,6,6,0,0,5,3,2.5
TRUE,1/12/2021,20,-2,GOLDEN STATE WARRIORS,HOME,IND,LOSS,2153,7,17,3,8,3,5,1,3,3,2,0,2,3,12.6
TRUE,1/14/2021,35,-21,GOLDEN STATE WARRIORS,AWAY,DEN,LOSS,2218,14,23,5,11,2,2,0,11,4,2,0,7,2,24.8
TRUE,1/18/2021,26,-3,GOLDEN STATE WARRIORS,AWAY,LAS,WIN,2137,8,22,3,12,7,7,0,1,7,1,0,4,2,15.2
TRUE,1/20/2021,26,30,GOLDEN STATE WARRIORS,HOME,SAS,WIN,1888,10,17,4,8,2,2,1,10,7,1,0,4,2,22.9
TRUE,1/21/2021,30,-16,GOLDEN STATE WARRIORS,HOME,NYK,LOSS,2079,9,19,5,14,7,8,0,3,4,2,0,4,3,20.4
TRUE,1/23/2021,24,-24,GOLDEN STATE WARRIORS,AWAY,UTA,LOSS,1626,9,18,5,10,1,2,0,7,7,0,0,1,2,19.8
TRUE,1/25/2021,36,19,GOLDEN STATE WARRIORS,HOME,MIN,WIN,2033,11,21,7,12,7,8,1,3,3,3,0,3,2,28.2
TRUE,1/27/2021,16,28,GOLDEN STATE WARRIORS,HOME,MIN,WIN,1993,6,17,4,11,0,0,0,6,8,0,0,2,2,11.1
TRUE,1/28/2021,27,-23,GOLDEN STATE WARRIORS,AWAY,PHO,LOSS,1874,10,20,5,10,2,2,1,3,4,0,0,4,2,16.6
TRUE,1/30/2021,28,26,GOLDEN STATE WARRIORS,HOME,DET,WIN,1797,11,17,6,8,0,0,0,5,7,2,0,6,1,22.5
TRUE,2/2/2021,38,4,GOLDEN STATE WARRIORS,HOME,BOS,LOSS,2289,12,21,7,14,7,7,0,11,8,3,0,3,0,37
TRUE,2/4/2021,28,19,GOLDEN STATE WARRIORS,AWAY,DAL,WIN,1796,9,17,4,10,6,6,0,3,6,0,0,2,2,22
TRUE,2/6/2021,57,7,GOLDEN STATE WARRIORS,AWAY,DAL,LOSS,2224,19,31,11,19,8,8,0,2,5,1,0,3,3,43.8
TRUE,2/8/2021,32,3,GOLDEN STATE WARRIORS,AWAY,SAS,LOSS,2137,10,17,6,11,6,6,0,7,6,1,0,1,1,30
TRUE,2/9/2021,32,15,GOLDEN STATE WARRIORS,AWAY,SAS,WIN,1916,11,20,4,10,6,8,0,4,2,0,0,1,1,22.8
TRUE,2/11/2021,40,16,GOLDEN STATE WARRIORS,HOME,ORL,WIN,2243,14,26,10,19,2,2,0,8,5,4,0,6,1,30.9
TRUE,2/13/2021,27,-26,GOLDEN STATE WARRIORS,HOME,BKN,LOSS,2018,10,17,2,9,5,5,0,3,5,0,0,4,2,18.7
TRUE,2/15/2021,36,20,GOLDEN STATE WARRIORS,HOME,CLE,WIN,1787,13,19,7,11,3,3,0,2,6,0,0,1,0,31.7
TRUE,2/17/2021,25,8,GOLDEN STATE WARRIORS,HOME,MIA,WIN,2541,8,25,5,20,4,4,1,6,11,2,0,3,1,19.5
TRUE,2/19/2021,29,-7,GOLDEN STATE WARRIORS,AWAY,ORL,LOSS,2228,11,29,6,16,1,1,2,5,11,0,0,1,3,21.5
TRUE,2/23/2021,37,19,GOLDEN STATE WARRIORS,AWAY,NYK,WIN,2202,9,22,7,14,12,12,0,6,6,2,0,2,1,30.8
TRUE,2/24/2021,24,7,GOLDEN STATE WARRIORS,AWAY,IND,WIN,2156,7,21,1,11,9,10,1,7,8,2,0,4,2,17.3
TRUE,2/26/2021,29,23,GOLDEN STATE WARRIORS,HOME,CHA,WIN,2153,8,15,3,8,10,10,0,4,9,1,0,4,1,25.8
TRUE,2/28/2021,16,-24,GOLDEN STATE WARRIORS,AWAY,LAS,LOSS,1554,5,13,2,7,4,5,0,4,7,3,0,3,2,13.8
TRUE,3/3/2021,35,-6,GOLDEN STATE WARRIORS,AWAY,POR,LOSS,2177,13,28,5,14,4,5,1,6,5,3,0,4,1,24.8
TRUE,3/11/2021,14,-19,GOLDEN STATE WARRIORS,AWAY,LAC,LOSS,1600,6,16,1,8,1,2,0,4,3,2,1,2,1,8.4
TRUE,3/14/2021,32,19,GOLDEN STATE WARRIORS,HOME,UTA,WIN,2138,10,20,6,9,6,7,1,4,9,1,0,3,3,26.6
TRUE,3/15/2021,27,-12,GOLDEN STATE WARRIORS,HOME,LAS,LOSS,1753,9,17,4,7,5,5,0,3,2,3,0,2,1,21.6
TRUE,3/17/2021,18,10,GOLDEN STATE WARRIORS,AWAY,HOU,WIN,1805,7,18,2,11,2,2,0,5,8,1,0,2,3,13.1
TRUE,3/29/2021,32,16,GOLDEN STATE WARRIORS,HOME,CHI,WIN,1817,11,24,6,14,4,5,1,4,6,1,0,1,0,25.3
TRUE,4/1/2021,36,2,GOLDEN STATE WARRIORS,AWAY,MIA,LOSS,2181,9,19,5,11,13,13,2,9,3,0,0,3,2,28.7
TRUE,4/4/2021,37,8,GOLDEN STATE WARRIORS,AWAY,ATL,LOSS,2204,12,23,3,12,10,12,1,4,2,2,1,8,0,22.9
TRUE,4/6/2021,41,3,GOLDEN STATE WARRIORS,HOME,MIL,WIN,2267,14,21,5,10,8,9,2,4,4,0,0,4,2,32.1
TRUE,4/9/2021,32,-16,GOLDEN STATE WARRIORS,HOME,WSH,LOSS,2092,11,25,5,12,5,6,0,6,5,3,0,2,0,24.8
TRUE,4/10/2021,38,7,GOLDEN STATE WARRIORS,HOME,HOU,WIN,2096,13,21,8,15,4,4,0,8,5,1,0,5,3,29.2
TRUE,4/12/2021,53,16,GOLDEN STATE WARRIORS,HOME,DEN,WIN,2142,14,24,10,18,15,16,0,6,4,0,0,5,3,39.8
TRUE,4/14/2021,42,31,GOLDEN STATE WARRIORS,AWAY,OKC,WIN,1763,14,20,11,16,3,3,0,6,8,0,0,0,3,39.8
TRUE,4/15/2021,33,5,GOLDEN STATE WARRIORS,AWAY,CLE,WIN,2075,12,25,4,13,5,5,0,4,5,0,2,4,3,21.2
TRUE,4/17/2021,47,-7,GOLDEN STATE WARRIORS,AWAY,BOS,LOSS,2229,15,27,11,19,6,8,0,7,3,0,0,5,2,31.7
TRUE,4/19/2021,49,11,GOLDEN STATE WARRIORS,AWAY,PHI,WIN,2215,14,28,10,17,11,12,0,3,5,0,0,6,2,32.2
TRUE,4/21/2021,18,-23,GOLDEN STATE WARRIORS,AWAY,WSH,LOSS,2163,7,25,2,14,2,2,0,7,8,1,0,6,2,5.2
TRUE,4/23/2021,32,27,GOLDEN STATE WARRIORS,HOME,DEN,WIN,2024,11,18,4,9,6,6,0,8,3,0,0,3,3,24.1
TRUE,4/25/2021,37,7,GOLDEN STATE WARRIORS,HOME,SAC,WIN,2266,11,21,7,14,8,11,0,7,4,1,1,7,1,24.7
TRUE,4/27/2021,27,-27,GOLDEN STATE WARRIORS,HOME,DAL,LOSS,1790,9,18,5,9,4,4,0,1,2,2,0,2,1,19.3
TRUE,4/29/2021,37,-10,GOLDEN STATE WARRIORS,AWAY,MIN,LOSS,2211,11,27,6,17,9,9,1,5,8,2,0,3,4,27.7
TRUE,5/1/2021,30,25,GOLDEN STATE WARRIORS,AWAY,HOU,WIN,1822,9,23,7,17,5,7,0,5,5,1,0,4,0,18.7
TRUE,5/3/2021,41,19,GOLDEN STATE WARRIORS,AWAY,NOP,WIN,2117,14,26,8,18,5,6,0,4,8,1,0,4,5,29.8
TRUE,5/4/2021,37,-9,GOLDEN STATE WARRIORS,AWAY,NOP,LOSS,2226,13,31,8,20,3,3,2,7,2,3,0,4,2,23.6
TRUE,5/6/2021,34,24,GOLDEN STATE WARRIORS,HOME,OKC,WIN,1881,11,21,6,13,6,7,0,4,7,1,0,3,2,26.6
TRUE,5/8/2021,49,31,GOLDEN STATE WARRIORS,HOME,OKC,WIN,1760,14,26,11,21,10,10,0,5,2,1,0,1,2,38.5
TRUE,5/10/2021,36,4,GOLDEN STATE WARRIORS,HOME,UTA,WIN,2215,11,25,3,13,11,12,1,3,6,2,0,3,1,26.9
TRUE,5/11/2021,21,6,GOLDEN STATE WARRIORS,HOME,PHO,WIN,2191,7,22,1,11,6,6,0,3,6,1,0,3,2,10.7
TRUE,5/16/2021,46,14,GOLDEN STATE WARRIORS,HOME,MEM,WIN,2397,16,36,9,22,5,6,1,6,9,1,1,7,2,29.5
TRUE,10/19/2021,21,4,GOLDEN STATE WARRIORS,AWAY,LAS,WIN,2171,5,21,2,8,9,9,1,9,10,3,0,4,1,17.3
TRUE,10/21/2021,45,-2,GOLDEN STATE WARRIORS,HOME,LAC,WIN,2253,16,25,8,13,5,5,0,10,1,1,1,6,2,32.5
TRUE,10/24/2021,27,14,GOLDEN STATE WARRIORS,AWAY,SAC,WIN,2116,9,23,4,15,5,6,1,6,10,3,0,3,1,23.2
TRUE,10/26/2021,23,15,GOLDEN STATE WARRIORS,AWAY,OKC,WIN,1938,6,14,4,9,7,7,1,5,4,0,1,4,1,16.9
TRUE,10/28/2021,36,12,GOLDEN STATE WARRIORS,HOME,MEM,LOSS,2440,11,29,7,20,7,7,1,6,8,1,0,5,2,23.4
TRUE,10/30/2021,20,17,GOLDEN STATE WARRIORS,HOME,OKC,WIN,1631,7,16,6,15,0,0,0,5,6,1,1,2,1,16.6
TRUE,11/3/2021,15,-1,GOLDEN STATE WARRIORS,HOME,CHA,WIN,2125,6,15,3,11,0,0,1,7,9,1,1,4,3,12.5
TRUE,11/5/2021,19,17,GOLDEN STATE WARRIORS,HOME,NOP,WIN,1785,5,16,5,13,4,4,0,3,6,0,2,1,1,14.9
TRUE,11/7/2021,20,16,GOLDEN STATE WARRIORS,HOME,HOU,WIN,1609,8,16,4,11,0,0,2,1,2,3,0,0,3,16.9
TRUE,11/8/2021,50,31,GOLDEN STATE WARRIORS,HOME,ATL,WIN,2102,14,28,9,19,13,13,2,5,10,4,1,2,0,48.6
TRUE,11/10/2021,25,11,GOLDEN STATE WARRIORS,HOME,MIN,WIN,2046,8,16,3,9,6,8,0,5,6,1,0,3,2,19.1
TRUE,11/12/2021,40,31,GOLDEN STATE WARRIORS,HOME,CHI,WIN,2053,15,24,9,17,1,1,0,4,5,1,1,6,1,29.2
TRUE,11/14/2021,24,14,GOLDEN STATE WARRIORS,AWAY,CHA,LOSS,2142,7,22,3,13,7,7,1,5,10,3,1,3,2,20.5
TRUE,11/16/2021,37,16,GOLDEN STATE WARRIORS,AWAY,BKN,WIN,1755,12,19,9,14,4,4,0,7,5,2,1,2,4,33.2
TRUE,11/18/2021,40,8,GOLDEN STATE WARRIORS,AWAY,CLE,WIN,2123,15,27,9,16,1,1,0,4,6,2,0,3,4,29.9
TRUE,11/21/2021,12,19,GOLDEN STATE WARRIORS,HOME,TOR,WIN,2224,2,10,1,6,7,7,0,2,8,1,0,4,1,8.6
TRUE,11/24/2021,25,29,GOLDEN STATE WARRIORS,HOME,PHI,WIN,2095,9,16,6,11,1,2,0,4,10,1,0,4,1,21.8
TRUE,11/26/2021,32,18,GOLDEN STATE WARRIORS,HOME,POR,WIN,2284,12,25,6,15,2,3,0,7,8,1,0,3,2,23.8
TRUE,11/28/2021,33,14,GOLDEN STATE WARRIORS,AWAY,LAC,WIN,2087,12,22,7,13,2,2,0,5,6,6,0,3,4,29.5
TRUE,11/30/2021,12,-17,GOLDEN STATE WARRIORS,AWAY,PHO,LOSS,2158,4,21,3,14,1,1,1,2,2,1,1,2,0,1.3
TRUE,12/3/2021,23,10,GOLDEN STATE WARRIORS,HOME,PHO,WIN,2004,8,20,6,11,1,2,2,3,5,0,0,3,2,13.8
TRUE,12/4/2021,27,3,GOLDEN STATE WARRIORS,HOME,SAS,LOSS,2212,7,28,5,17,8,9,1,7,5,3,0,1,1,17.7
TRUE,12/6/2021,31,9,GOLDEN STATE WARRIORS,HOME,ORL,WIN,1858,8,16,7,13,8,8,0,3,8,2,0,3,2,27.7
TRUE,12/8/2021,22,16,GOLDEN STATE WARRIORS,HOME,POR,WIN,2001,8,19,6,17,0,0,2,0,2,1,0,4,3,10.5
TRUE,12/11/2021,18,-9,GOLDEN STATE WARRIORS,AWAY,PHI,LOSS,2174,6,20,3,14,3,4,2,7,5,0,0,3,1,9.6
TRUE,12/13/2021,26,17,GOLDEN STATE WARRIORS,AWAY,IND,WIN,2121,8,20,5,15,5,5,1,5,6,1,1,7,1,15.9
TRUE,12/14/2021,22,13,GOLDEN STATE WARRIORS,AWAY,NYK,WIN,2083,8,19,5,14,1,2,0,3,3,1,1,4,4,10.6
TRUE,12/17/2021,30,-10,GOLDEN STATE WARRIORS,AWAY,BOS,WIN,2115,8,21,5,14,9,9,1,4,4,1,0,6,6,15.8
TRUE,12/20/2021,30,16,GOLDEN STATE WARRIORS,HOME,SAC,WIN,2174,13,27,4,12,0,1,0,3,4,0,2,4,1,16.6
TRUE,12/23/2021,46,15,GOLDEN STATE WARRIORS,HOME,MEM,WIN,2239,13,22,8,14,12,12,0,4,4,2,0,3,1,38.4
TRUE,12/25/2021,33,24,GOLDEN STATE WARRIORS,AWAY,PHO,WIN,2232,10,27,5,16,8,9,0,4,6,3,1,1,3,24.6
TRUE,12/28/2021,23,5,GOLDEN STATE WARRIORS,HOME,DEN,LOSS,2345,6,16,5,14,6,7,0,4,4,0,0,6,3,10.6
TRUE,1/1/2022,28,4,GOLDEN STATE WARRIORS,AWAY,UTA,WIN,2131,8,18,6,12,6,7,0,6,9,0,1,3,3,22.8
TRUE,1/3/2022,9,0,GOLDEN STATE WARRIORS,HOME,MIA,WIN,1921,3,17,1,10,2,2,0,3,10,0,1,2,3,3.7
TRUE,1/5/2022,14,0,GOLDEN STATE WARRIORS,AWAY,DAL,LOSS,2164,5,24,1,9,3,4,0,9,5,0,1,5,2,-0.1
TRUE,1/9/2022,28,23,GOLDEN STATE WARRIORS,HOME,CLE,WIN,2191,10,21,4,11,4,4,3,2,5,1,0,5,3,18.3
TRUE,1/11/2022,27,-1,GOLDEN STATE WARRIORS,AWAY,MEM,LOSS,2321,8,21,2,9,9,10,1,9,10,2,0,3,3,23.3
TRUE,1/13/2022,12,-25,GOLDEN STATE WARRIORS,AWAY,MIL,LOSS,1755,4,11,2,6,2,2,0,8,4,2,0,4,0,9.1
TRUE,1/14/2022,19,24,GOLDEN STATE WARRIORS,AWAY,CHI,WIN,1657,7,15,4,10,1,2,0,2,2,1,0,1,0,12.9
TRUE,1/18/2022,18,21,GOLDEN STATE WARRIORS,HOME,DET,WIN,1713,6,11,4,8,2,2,0,3,8,3,0,1,1,20.8
TRUE,1/20/2022,39,-4,GOLDEN STATE WARRIORS,HOME,IND,LOSS,2637,12,27,6,16,9,9,0,5,8,1,0,2,3,29.8
TRUE,1/21/2022,22,2,GOLDEN STATE WARRIORS,HOME,HOU,WIN,2336,6,21,4,13,6,8,0,4,12,1,1,2,3,17
TRUE,1/23/2022,13,-5,GOLDEN STATE WARRIORS,HOME,UTA,WIN,2102,5,20,1,13,2,2,2,2,6,0,0,1,0,6.2
TRUE,1/25/2022,18,23,GOLDEN STATE WARRIORS,HOME,DAL,WIN,1738,7,16,2,10,2,3,2,7,7,1,0,4,3,13.4
TRUE,1/27/2022,29,13,GOLDEN STATE WARRIORS,HOME,MIN,WIN,2301,10,20,6,10,3,3,0,8,6,3,0,4,1,24.2
TRUE,1/29/2022,19,-3,GOLDEN STATE WARRIORS,HOME,BKN,WIN,2131,5,18,3,10,6,6,2,5,8,3,0,5,5,12.9
TRUE,1/31/2022,40,18,GOLDEN STATE WARRIORS,AWAY,HOU,WIN,2277,13,23,7,14,7,8,0,5,9,1,1,1,0,37.2
TRUE,2/3/2022,20,21,GOLDEN STATE WARRIORS,HOME,SAC,WIN,1900,7,11,4,7,2,2,0,1,7,2,0,4,4,16.7
TRUE,2/7/2022,18,4,GOLDEN STATE WARRIORS,AWAY,OKC,WIN,2194,6,12,4,10,2,2,0,9,10,1,0,4,2,17.9
TRUE,2/9/2022,16,-14,GOLDEN STATE WARRIORS,AWAY,UTA,LOSS,1779,5,13,3,8,3,4,1,6,2,0,0,4,2,7.6
TRUE,2/10/2022,35,9,GOLDEN STATE WARRIORS,HOME,NYK,LOSS,2348,11,25,5,16,8,8,0,2,10,1,0,3,5,25.5
TRUE,2/12/2022,24,8,GOLDEN STATE WARRIORS,HOME,LAS,WIN,2196,7,17,1,8,9,9,0,5,8,1,0,2,3,19.8
TRUE,2/14/2022,33,-19,GOLDEN STATE WARRIORS,AWAY,LAC,LOSS,2029,11,18,8,13,3,3,0,2,2,0,0,4,2,22
TRUE,2/16/2022,25,-2,GOLDEN STATE WARRIORS,HOME,DEN,LOSS,2346,10,19,1,7,4,4,0,3,6,0,0,2,2,18
TRUE,2/24/2022,18,19,GOLDEN STATE WARRIORS,AWAY,POR,WIN,1647,5,11,2,7,6,6,0,5,14,1,1,3,3,21.1
TRUE,2/27/2022,27,-4,GOLDEN STATE WARRIORS,HOME,DAL,LOSS,2284,11,25,3,10,2,4,1,3,10,2,0,1,0,22.7
TRUE,3/1/2022,34,-10,GOLDEN STATE WARRIORS,AWAY,MIN,LOSS,1993,10,24,5,16,9,9,1,4,4,0,0,4,1,21.5
TRUE,3/3/2022,21,-8,GOLDEN STATE WARRIORS,AWAY,DAL,LOSS,2426,8,15,4,5,1,1,0,5,9,1,0,3,3,18.3
TRUE,3/5/2022,30,-12,GOLDEN STATE WARRIORS,AWAY,LAS,LOSS,2141,13,22,4,9,0,0,0,4,1,0,0,4,0,17.7
TRUE,3/8/2022,15,6,GOLDEN STATE WARRIORS,HOME,LAC,WIN,2103,5,12,1,6,4,4,0,5,5,3,0,4,4,11
TRUE,3/10/2022,34,18,GOLDEN STATE WARRIORS,AWAY,DEN,WIN,2278,11,21,5,12,7,7,0,9,3,2,0,2,1,28.1
TRUE,3/12/2022,8,14,GOLDEN STATE WARRIORS,HOME,MIL,WIN,1989,3,7,2,4,0,0,1,4,8,1,1,4,1,9.1
TRUE,3/14/2022,47,17,GOLDEN STATE WARRIORS,HOME,WSH,WIN,2126,16,25,7,14,8,8,0,6,6,1,0,2,1,40.5
TRUE,3/16/2022,3,-5,GOLDEN STATE WARRIORS,HOME,BOS,LOSS,820,1,4,1,4,0,0,0,1,2,0,0,4,2,-2.5
